apples,name,apples@email.com,24,01,01,01,01,01,01,01,01,01,01,01,01,http://thesocialmediamonthly.com/wp-content/uploads/2015/08/photo.png,0
test,name,test@email.com,37,01,05,05,04,03,04,04,03,03,03,06,07,https://scontent.xx.fbcdn.net/hphotos-xtl1/t31.0-8/12771687_10208554924131326_6762090900496603881_o.jpg,0
happy,name,happy@email.com,64,02,04,03,02,03,04,01,02,02,01,04,05,http://thesocialmediamonthly.com/wp-content/uploads/2015/08/photo.png,0
man1,name,man@email.com,43,01,03,05,02,03,02,02,03,02,03,02,04,https://scontent.xx.fbcdn.net/hphotos-xfa1/t31.0-8/12194554_10207781298511169_808647814089830412_o.jpg,0
mloman,Marcus J.Loman,marcusloman@yahoo.com,42,01,03,04,01,01,02,02,04,01,01,05,07,http://assets.nydailynews.com/polopoly_fs/1.1616792.1392610725!/img/httpImage/image.jpg_gen/derivatives/article_970/clowns17n-2-web.jpg,0
pincode,xcYeVmqf,chunter00@webmd.com,84,01,04,04,04,03,04,04,04,03,04,04,04,http://bonniesomerville.nz/wp-content/uploads/2015/08/profile-icon.png,0
spammer,Sgqqy2gh,ctaylor01@toplist.cz,92,01,03,02,02,02,03,02,02,02,03,03,02,http://bonniesomerville.nz/wp-content/uploads/2015/08/profile-icon.png,0
lists,mN9hxdep,lray000002@dailymotion.com,64,01,04,03,03,03,04,03,03,03,04,04,03,http://bonniesomerville.nz/wp-content/uploads/2015/08/profile-icon.png,0
guess,r38vzvDn,relliott03@redcross.org,23,02,02,04,04,03,02,04,04,03,02,02,04,http://bonniesomerville.nz/wp-content/uploads/2015/08/profile-icon.png,0
iknow,6Ev35kkG,mbarnes04@shop-pro.jp,79,02,02,04,01,01,02,04,01,01,02,02,04,http://bonniesomerville.nz/wp-content/uploads/2015/08/profile-icon.png,0
bots,R4ppquxP,tharris5@hibu.com,74,01,03,01,01,03,03,01,01,03,03,03,01,http://bonniesomerville.nz/wp-content/uploads/2015/08/profile-icon.png,0
headlines,AGBdv5Nd,mshaw6@devhub.com,77,02,03,03,02,01,03,03,02,01,03,03,03,http://bonniesomerville.nz/wp-content/uploads/2015/08/profile-icon.png,0
qa,CpHQcgRu,aruiz7@japanpost.jp,89,02,01,03,03,02,01,03,03,02,01,01,03,http://bonniesomerville.nz/wp-content/uploads/2015/08/profile-icon.png,0
twtr,T5Ub4x2a,clewis8@501.la,39,02,04,04,04,03,04,04,04,03,04,04,04,http://bonniesomerville.nz/wp-content/uploads/2015/08/profile-icon.png,0
xmas,FnZTSZRa,tfisher9@blogtalkradio.com,72,01,03,01,03,03,03,01,03,03,03,03,01,http://bonniesomerville.nz/wp-content/uploads/2015/08/profile-icon.png,0
pricecheck,ArZsqheV,jlopeza@boston.com,51,02,02,02,01,01,02,02,01,01,02,02,02,http://bonniesomerville.nz/wp-content/uploads/2015/08/profile-icon.png,0
cds,dqLJR3Hm,pwagnerb@trellian.com,80,01,01,04,04,02,01,04,04,02,01,01,04,http://bonniesomerville.nz/wp-content/uploads/2015/08/profile-icon.png,0
dvds,bm3NsP29,phallc@nasa.gov,21,01,02,02,03,03,02,02,03,03,02,02,02,http://bonniesomerville.nz/wp-content/uploads/2015/08/profile-icon.png,0
dvd,n225KhMR,pgardnerd@rediff.com,31,02,01,02,04,02,01,02,04,02,01,01,02,http://bonniesomerville.nz/wp-content/uploads/2015/08/profile-icon.png,0
book,Z7VpSnQu,cbakere@aol.com,76,02,04,03,01,03,04,03,01,03,04,04,03,http://bonniesomerville.nz/wp-content/uploads/2015/08/profile-icon.png,0
movie,3XhxmFTQ,mboydf@topsy.com,61,02,02,03,02,04,02,03,02,04,02,02,03,http://bonniesomerville.nz/wp-content/uploads/2015/08/profile-icon.png,0
night,MTUT66XJ,fmorrisg@comsenz.com,83,01,04,04,03,03,04,04,03,03,04,04,04,http://bonniesomerville.nz/wp-content/uploads/2015/08/profile-icon.png,0
loan,jSmNTvpq,dcoxh@instagram.com,30,01,02,02,04,04,02,02,04,04,02,02,02,http://bonniesomerville.nz/wp-content/uploads/2015/08/profile-icon.png,0
ilove,3XrXcVcD,shalli@microsoft.com,30,01,04,02,03,03,04,02,03,03,04,04,02,http://bonniesomerville.nz/wp-content/uploads/2015/08/profile-icon.png,0
ihate,r7GqXmVR,jjenkinsj@aol.com,98,02,04,04,03,03,04,04,03,03,04,04,04,http://bonniesomerville.nz/wp-content/uploads/2015/08/profile-icon.png,0
site,XjCxHzDu,kpaynek@army.mil,71,02,01,02,01,04,01,02,01,04,01,01,02,http://bonniesomerville.nz/wp-content/uploads/2015/08/profile-icon.png,0
career,zgdHQShj,bfloresl@simplemachines.org,91,01,04,01,02,04,04,01,02,04,04,04,01,http://bonniesomerville.nz/wp-content/uploads/2015/08/profile-icon.png,0
jobid,7RTM5Dz5,kbishopm@wix.com,19,01,03,03,04,04,03,03,04,04,03,03,03,http://bonniesomerville.nz/wp-content/uploads/2015/08/profile-icon.png,0
swap,WbFUDJpY,alanen@amazon.com,32,01,03,03,03,01,03,03,03,01,03,03,03,http://bonniesomerville.nz/wp-content/uploads/2015/08/profile-icon.png,0
keyword,gwvwEf4X,gharpero@adobe.com,31,01,02,02,02,04,02,02,02,04,02,02,02,http://bonniesomerville.nz/wp-content/uploads/2015/08/profile-icon.png,0
website,vMj4nHM5,jphillipsp@gnu.org,87,02,03,04,03,03,03,04,03,03,03,03,04,http://bonniesomerville.nz/wp-content/uploads/2015/08/profile-icon.png,0
lonely,kXA4gXVb,bsandersq@e-recht00000204.de,81,02,02,04,02,04,02,04,02,04,02,02,04,http://bonniesomerville.nz/wp-content/uploads/2015/08/profile-icon.png,0
livechat,eTy8H6mc,phuntr@theguardian.com,75,01,03,04,01,04,03,04,01,04,03,03,04,http://bonniesomerville.nz/wp-content/uploads/2015/08/profile-icon.png,0
emailme,Y4xpKGan,shalls@usnews.com,34,02,01,02,04,04,01,02,04,04,01,01,02,http://bonniesomerville.nz/wp-content/uploads/2015/08/profile-icon.png,0
alert,BJY9YzXU,rschmidtt@miibeian.gov.cn,35,01,02,01,04,04,02,01,04,04,02,02,01,http://bonniesomerville.nz/wp-content/uploads/2015/08/profile-icon.png,0
notify,gZPrXYEA,cellisu@ehow.com,88,02,01,02,03,02,01,02,03,02,01,01,02,http://bonniesomerville.nz/wp-content/uploads/2015/08/profile-icon.png,0
alertme,C9Xrpj32,spaynev@deliciousdays.com,57,01,01,02,01,03,01,02,01,03,01,01,02,http://bonniesomerville.nz/wp-content/uploads/2015/08/profile-icon.png,0
notifyme,fGxM7D5e,arussellw@who.int,46,01,01,01,03,01,01,01,03,01,01,01,01,http://bonniesomerville.nz/wp-content/uploads/2015/08/profile-icon.png,0
url,z2EQHYQs,sjohnsonx@jigsy.com,95,02,01,04,03,03,01,04,03,03,01,01,04,http://bonniesomerville.nz/wp-content/uploads/2015/08/profile-icon.png,0
isbn,XCwfkxHq,phansony@auda.org.au,85,01,01,01,04,03,01,01,04,03,01,01,01,http://bonniesomerville.nz/wp-content/uploads/2015/08/profile-icon.png,0
top10,EDQDaEW7,nwhitez@mtv.com,91,01,02,02,01,01,02,02,01,01,02,02,02,http://bonniesomerville.nz/wp-content/uploads/2015/08/profile-icon.png,0
upc,FgEfRT8e,aortiz0100@techcrunch.com,55,01,02,03,03,02,02,03,03,02,02,02,03,http://bonniesomerville.nz/wp-content/uploads/2015/08/profile-icon.png,0
sku,AHvepwwP,bmorrison0101@phpbb.com,24,02,01,04,03,04,01,04,03,04,01,01,04,http://bonniesomerville.nz/wp-content/uploads/2015/08/profile-icon.png,0
buy,8CWjpcwX,dlane01000002@va.gov,87,01,01,02,02,04,01,02,02,04,01,01,02,http://bonniesomerville.nz/wp-content/uploads/2015/08/profile-icon.png,0
sell,BWVrYj4r,jgreene0103@meetup.com,96,01,02,01,01,03,02,01,01,03,02,02,01,http://bonniesomerville.nz/wp-content/uploads/2015/08/profile-icon.png,0
want,E9WH6ZHX,larnold0104@domainmarket.com,82,01,01,01,04,02,01,01,04,02,01,01,01,http://bonniesomerville.nz/wp-content/uploads/2015/08/profile-icon.png,0
shop,CLCw5n82,agutierrez015@census.gov,71,02,04,03,02,01,04,03,02,01,04,04,03,http://bonniesomerville.nz/wp-content/uploads/2015/08/profile-icon.png,0
rent,j3kBpQn9,hcooper016@cnn.com,27,01,04,04,04,04,04,04,04,04,04,04,04,http://bonniesomerville.nz/wp-content/uploads/2015/08/profile-icon.png,0
gas,j7JsxLn9,mlong017@google.com,44,02,03,04,02,02,03,04,02,02,03,03,04,http://bonniesomerville.nz/wp-content/uploads/2015/08/profile-icon.png,0
define,cj6cn6BX,rwillis018@linkedin.com,44,02,01,01,02,04,01,01,02,04,01,01,01,http://bonniesomerville.nz/wp-content/uploads/2015/08/profile-icon.png,0
yp,WczVwxNE,scarr019@mashable.com,52,01,03,04,03,04,03,04,03,04,03,03,04,http://bonniesomerville.nz/wp-content/uploads/2015/08/profile-icon.png,0
birthday,YMqVdSSV,amarshall01a@shutterfly.com,45,01,04,03,02,01,04,03,02,01,04,04,03,http://bonniesomerville.nz/wp-content/uploads/2015/08/profile-icon.png,0
profile,S2CWR9AR,cwhite01b@sciencedaily.com,78,01,01,01,04,02,01,01,04,02,01,01,01,http://bonniesomerville.nz/wp-content/uploads/2015/08/profile-icon.png,0
crush,trpCADLM,aray01c@youtube.com,52,01,03,02,03,01,03,02,03,01,03,03,02,http://bonniesomerville.nz/wp-content/uploads/2015/08/profile-icon.png,0
befriend,NWqVFvQc,lreynolds01d@oaic.gov.au,19,01,03,04,01,04,03,04,01,04,03,03,04,http://bonniesomerville.nz/wp-content/uploads/2015/08/profile-icon.png,0
computer,7UmAjAvy,jwest01e@soundcloud.com,30,01,02,02,02,03,02,02,02,03,02,02,02,http://bonniesomerville.nz/wp-content/uploads/2015/08/profile-icon.png,0
quick,LdUEhZsY,brichardson01f@ebay.com,69,02,04,02,03,02,04,02,03,02,04,04,02,http://bonniesomerville.nz/wp-content/uploads/2015/08/profile-icon.png,0
replyall,wybsxe2c,drussell01g@timesonline.co.uk,42,01,03,03,04,03,03,03,04,03,03,03,03,http://bonniesomerville.nz/wp-content/uploads/2015/08/profile-icon.png,0
reminder,jHSfcVKL,amartinez01h@cam.ac.uk,30,02,04,01,03,02,04,01,03,02,04,04,01,http://bonniesomerville.nz/wp-content/uploads/2015/08/profile-icon.png,0
tech,neEJEHxr,spierce01i@spiegel.de,69,02,03,02,01,03,03,02,01,03,03,03,02,http://bonniesomerville.nz/wp-content/uploads/2015/08/profile-icon.png,0
singles,4a35Tg3q,tbennett01j@prlog.org,91,01,01,01,02,02,01,01,02,02,01,01,01,http://bonniesomerville.nz/wp-content/uploads/2015/08/profile-icon.png,0
photos,Fn8KfTW2,rhawkins01k@fema.gov,76,01,03,04,02,04,03,04,02,04,03,03,04,http://bonniesomerville.nz/wp-content/uploads/2015/08/profile-icon.png,0
auction,YveNmJtN,bsanchez01l@ovh.net,44,02,01,02,03,01,01,02,03,01,01,01,02,http://bonniesomerville.nz/wp-content/uploads/2015/08/profile-icon.png,0
txt,rNmLWzCR,mgreen01m@free.fr,58,01,04,02,02,02,04,02,02,02,04,04,02,http://bonniesomerville.nz/wp-content/uploads/2015/08/profile-icon.png,0
polls,uAbZkXWS,sstanley01n@goodreads.com,22,01,01,02,02,03,01,02,02,03,01,01,02,http://bonniesomerville.nz/wp-content/uploads/2015/08/profile-icon.png,0
poll,xMhTWuGd,lvasquez01o@microsoft.com,38,02,03,03,03,02,03,03,03,02,03,03,03,http://bonniesomerville.nz/wp-content/uploads/2015/08/profile-icon.png,0
autos,eSQCCFd2,mbarnes01p@fema.gov,98,02,02,03,03,01,02,03,03,01,02,02,03,http://bonniesomerville.nz/wp-content/uploads/2015/08/profile-icon.png,0
goog,PSMhdtrS,afisher01q@mapy.cz,46,02,02,03,03,02,02,03,03,02,02,02,03,http://bonniesomerville.nz/wp-content/uploads/2015/08/profile-icon.png,0
msft,vBpCcLDr,pgonzales01r@cornell.edu,19,02,04,03,02,03,04,03,02,03,04,04,03,http://bonniesomerville.nz/wp-content/uploads/2015/08/profile-icon.png,0
amzn,ypthcyxN,hdavis01s@cdc.gov,59,02,02,02,04,02,02,02,04,02,02,02,02,http://bonniesomerville.nz/wp-content/uploads/2015/08/profile-icon.png,0
yhoo,3pgVtJjL,manderson01t@home.pl,17,02,04,01,04,01,04,01,04,01,04,04,01,http://bonniesomerville.nz/wp-content/uploads/2015/08/profile-icon.png,0
stocks,eq46SDNf,rscott01u@vkontakte.ru,82,02,04,02,02,02,04,02,02,02,04,04,02,http://bonniesomerville.nz/wp-content/uploads/2015/08/profile-icon.png,0
now,wQd2grsa,rwhite01v@is.gd,21,02,04,04,03,02,04,04,03,02,04,04,04,http://bonniesomerville.nz/wp-content/uploads/2015/08/profile-icon.png,0
web,VndV4VuK,ebennett01w@blogs.com,38,01,01,03,04,04,01,03,04,04,01,01,03,http://bonniesomerville.nz/wp-content/uploads/2015/08/profile-icon.png,0
resumes,jZFF3aLt,jfranklin01x@hao0100000203.com,27,01,01,01,01,02,01,01,01,02,01,01,01,http://bonniesomerville.nz/wp-content/uploads/2015/08/profile-icon.png,0
concerts,jJpTwHvJ,acoleman01y@chronoengine.com,86,01,04,01,01,01,04,01,01,01,04,04,01,http://bonniesomerville.nz/wp-content/uploads/2015/08/profile-icon.png,0
opinions,BDTLpWpx,lbradley01z@vinaora.com,44,01,04,04,02,02,04,04,02,02,04,04,04,http://bonniesomerville.nz/wp-content/uploads/2015/08/profile-icon.png,0
discussions,kdnENFTN,llopez00000200@tinyurl.com,75,01,04,01,02,03,04,01,02,03,04,04,01,http://bonniesomerville.nz/wp-content/uploads/2015/08/profile-icon.png,0
events,sWFJMZWD,jgraham00000201@elegantthemes.com,42,02,02,03,02,02,02,03,02,02,02,02,03,http://bonniesomerville.nz/wp-content/uploads/2015/08/profile-icon.png,0
ideas,V8mmGPjX,kbell000002000002@narod.ru,55,01,03,03,03,03,03,03,03,03,03,03,03,http://bonniesomerville.nz/wp-content/uploads/2015/08/profile-icon.png,0
fyi,FawMfpjH,afreeman00000203@apple.com,85,02,04,01,02,01,04,01,02,01,04,04,01,http://bonniesomerville.nz/wp-content/uploads/2015/08/profile-icon.png,0
recipes,sEzJhpBP,iaustin00000204@mail.ru,49,01,02,02,03,01,02,02,03,01,02,02,02,http://bonniesomerville.nz/wp-content/uploads/2015/08/profile-icon.png,0
offers,EPKL3LQg,chenderson0000025@printfriendly.com,74,01,01,03,04,04,01,03,04,04,01,01,03,http://bonniesomerville.nz/wp-content/uploads/2015/08/profile-icon.png,0
whois,EnmX66Ah,kray0000026@oakley.com,62,01,04,02,01,04,04,02,01,04,04,04,02,http://bonniesomerville.nz/wp-content/uploads/2015/08/profile-icon.png,0
add,UEehCymc,pwoods0000027@sphinn.com,56,02,04,04,04,01,04,04,04,01,04,04,04,http://bonniesomerville.nz/wp-content/uploads/2015/08/profile-icon.png,0
map,6pkcKydW,ethompson0000028@skyrock.com,83,02,02,01,01,02,02,01,01,02,02,02,01,http://bonniesomerville.nz/wp-content/uploads/2015/08/profile-icon.png,0
maps,4RUSxH6Y,rfrazier0000029@lulu.com,64,02,02,04,01,02,02,04,01,02,02,02,04,http://bonniesomerville.nz/wp-content/uploads/2015/08/profile-icon.png,0
weatherin,ZevQCLNj,jgomez000002a@furl.net,89,02,03,04,02,03,03,04,02,03,03,03,04,http://bonniesomerville.nz/wp-content/uploads/2015/08/profile-icon.png,0
411,gecSAxHX,whart000002b@zimbio.com,58,02,04,03,01,04,04,03,01,04,04,04,03,http://bonniesomerville.nz/wp-content/uploads/2015/08/profile-icon.png,0
address,dtYBvMXG,mgarrett000002c@forbes.com,54,02,04,04,03,03,04,04,03,03,04,04,04,http://bonniesomerville.nz/wp-content/uploads/2015/08/profile-icon.png,0
game,ZKLR6NYw,amarshall000002d@businessweek.com,40,02,01,02,01,01,01,02,01,01,01,01,02,http://bonniesomerville.nz/wp-content/uploads/2015/08/profile-icon.png,0
save,EtfVt3aZ,ssims000002e@home.pl,97,01,01,02,04,03,01,02,04,03,01,01,02,http://bonniesomerville.nz/wp-content/uploads/2015/08/profile-icon.png,0
note,VVxjQwBb,swilliamson000002f@noaa.gov,29,01,04,02,02,02,04,02,02,02,04,04,02,http://bonniesomerville.nz/wp-content/uploads/2015/08/profile-icon.png,0
later,jPzvdhDm,kwallace000002g@slideshare.net,62,01,04,01,02,02,04,01,02,02,04,04,01,http://bonniesomerville.nz/wp-content/uploads/2015/08/profile-icon.png,0
send,63YutkMe,lmitchell000002h@dagondesign.com,84,02,04,03,01,04,04,03,01,04,04,04,03,http://bonniesomerville.nz/wp-content/uploads/2015/08/profile-icon.png,0
shout,fye3JvUY,dkennedy000002i@house.gov,56,01,01,02,04,04,01,02,04,04,01,01,02,http://bonniesomerville.nz/wp-content/uploads/2015/08/profile-icon.png,0
listen,j2fhTD6J,agonzales000002j@soup.io,36,02,03,01,03,01,03,01,03,01,03,03,01,http://bonniesomerville.nz/wp-content/uploads/2015/08/profile-icon.png,0
view,mBXwWnuq,tcollins000002k@theguardian.com,36,01,04,03,04,03,04,03,04,03,04,04,03,http://bonniesomerville.nz/wp-content/uploads/2015/08/profile-icon.png,0
watch,ytvUg9TV,rwashington000002l@reference.com,92,02,03,02,04,02,03,02,04,02,03,03,02,http://bonniesomerville.nz/wp-content/uploads/2015/08/profile-icon.png,0
channel,J2TvUFGq,sgarza000002m@tuttocitta.it,99,02,02,02,04,01,02,02,04,01,02,02,02,http://bonniesomerville.nz/wp-content/uploads/2015/08/profile-icon.png,0
dvr,kWgkqPFA,mhenry000002n@foxnews.com,42,02,04,02,03,01,04,02,03,01,04,04,02,http://bonniesomerville.nz/wp-content/uploads/2015/08/profile-icon.png,0
record,YvxN9X4u,tcarroll000002o@trellian.com,20,01,01,02,04,01,01,02,04,01,01,01,02,http://bonniesomerville.nz/wp-content/uploads/2015/08/profile-icon.png,0
webcams,zP6W92Zd,nmason000002p@oaic.gov.au,59,01,03,03,01,02,03,03,01,02,03,03,03,http://bonniesomerville.nz/wp-content/uploads/2015/08/profile-icon.png,0
command,K6gywGwk,afowler000002q@ed.gov,27,01,01,01,01,01,01,01,01,01,01,01,01,http://bonniesomerville.nz/wp-content/uploads/2015/08/profile-icon.png,0
subscribe,CwSSeq8W,jramos000002r@wix.com,18,02,04,03,02,02,04,03,02,02,04,04,03,http://bonniesomerville.nz/wp-content/uploads/2015/08/profile-icon.png,0
unsubscribe,nbJMb6UF,bporter00@bloglines.com,84,01,04,04,04,03,04,04,04,03,04,04,04,http://bonniesomerville.nz/wp-content/uploads/2015/08/profile-icon.png,0
sub,9XPmLujp,rsimmons01@mlb.com,92,01,03,02,02,02,03,02,02,02,03,03,02,http://bonniesomerville.nz/wp-content/uploads/2015/08/profile-icon.png,0
unsub,B5CcjDgW,frichards000002@fema.gov,64,02,04,03,03,03,04,03,03,03,04,04,03,http://bonniesomerville.nz/wp-content/uploads/2015/08/profile-icon.png,0
new,eydZqZeV,jchavez03@sakura.ne.jp,23,02,02,04,04,03,02,04,04,03,02,02,04,http://bonniesomerville.nz/wp-content/uploads/2015/08/profile-icon.png,0
directions,pz3prCTv,rgreen04@omniture.com,79,02,02,04,01,01,02,04,01,01,02,02,04,http://bonniesomerville.nz/wp-content/uploads/2015/08/profile-icon.png,0
price,nfjDAKwh,wcruz5@youtube.com,74,02,03,01,01,03,03,01,01,03,03,03,01,http://bonniesomerville.nz/wp-content/uploads/2015/08/profile-icon.png,0
what,Hk2qWfYx,bdean6@usnews.com,77,02,03,03,02,01,03,03,02,01,03,03,03,http://bonniesomerville.nz/wp-content/uploads/2015/08/profile-icon.png,0
when,RacRYtwF,shenderson7@alexa.com,89,02,01,03,03,02,01,03,03,02,01,01,03,http://bonniesomerville.nz/wp-content/uploads/2015/08/profile-icon.png,0
where,hjtJ3LCE,joliver8@mozilla.com,39,02,04,04,04,03,04,04,04,03,04,04,04,http://bonniesomerville.nz/wp-content/uploads/2015/08/profile-icon.png,0
how,zTbbptvL,fgilbert9@geocities.jp,72,02,03,01,03,03,03,01,03,03,03,03,01,http://bonniesomerville.nz/wp-content/uploads/2015/08/profile-icon.png,0
tour,Ez7p9hyP,kwatsona@shop-pro.jp,51,01,02,02,01,01,02,02,01,01,02,02,02,http://bonniesomerville.nz/wp-content/uploads/2015/08/profile-icon.png,0
who,cy86zW6G,mchavezb@a8.net,80,02,01,04,04,02,01,04,04,02,01,01,04,http://bonniesomerville.nz/wp-content/uploads/2015/08/profile-icon.png,0
live,HTJbKzLr,dwardc@princeton.edu,21,02,02,02,03,03,02,02,03,03,02,02,02,http://bonniesomerville.nz/wp-content/uploads/2015/08/profile-icon.png,0
sorry,rDaZQJde,bchavezd@addtoany.com,31,02,01,02,04,02,01,02,04,02,01,01,02,http://bonniesomerville.nz/wp-content/uploads/2015/08/profile-icon.png,0
pic,Am6kJcqE,pcolee@bigcartel.com,76,01,04,03,01,03,04,03,01,03,04,04,03,http://bonniesomerville.nz/wp-content/uploads/2015/08/profile-icon.png,0
vid,DfAKnQv4,mduncanf@discuz.net,61,02,02,03,02,04,02,03,02,04,02,02,03,http://bonniesomerville.nz/wp-content/uploads/2015/08/profile-icon.png,0
image,eZFuUJVq,gpowellg@github.com,83,02,04,04,03,03,04,04,03,03,04,04,04,http://bonniesomerville.nz/wp-content/uploads/2015/08/profile-icon.png,0
support,yNwAevW2,rcarterh@mashable.com,30,01,02,02,04,04,02,02,04,04,02,02,02,http://bonniesomerville.nz/wp-content/uploads/2015/08/profile-icon.png,0
addme,V4xE68Mc,drileyi@phpbb.com,30,01,04,02,03,03,04,02,03,03,04,04,02,http://bonniesomerville.nz/wp-content/uploads/2015/08/profile-icon.png,0
gimme,e3ety9Pt,rbarnesj@biblegateway.com,98,01,04,04,03,03,04,04,03,03,04,04,04,http://bonniesomerville.nz/wp-content/uploads/2015/08/profile-icon.png,0
give,3qGL98mT,lstewartk@disqus.com,71,01,01,02,01,04,01,02,01,04,01,01,02,http://bonniesomerville.nz/wp-content/uploads/2015/08/profile-icon.png,0
gift,rBvGm4PA,jdanielsl@tiny.cc,91,01,04,01,02,04,04,01,02,04,04,04,01,http://bonniesomerville.nz/wp-content/uploads/2015/08/profile-icon.png,0
wishlist,UZ65Y5Nj,mschmidtm@themeforest.net,19,01,03,03,04,04,03,03,04,04,03,03,03,http://bonniesomerville.nz/wp-content/uploads/2015/08/profile-icon.png,0
hear,vFawnu9k,rrichardsn@jalbum.net,32,02,03,03,03,01,03,03,03,01,03,03,03,http://bonniesomerville.nz/wp-content/uploads/2015/08/profile-icon.png,0
text,kCadDtZK,pkingo@irs.gov,31,01,02,02,02,04,02,02,02,04,02,02,02,http://bonniesomerville.nz/wp-content/uploads/2015/08/profile-icon.png,0
user,2fNtZBXH,gjonesp@zimbio.com,87,01,03,04,03,03,03,04,03,03,03,03,04,http://bonniesomerville.nz/wp-content/uploads/2015/08/profile-icon.png,0
stat,ev7t8U2M,sarmstrongq@virginia.edu,81,01,02,04,02,04,02,04,02,04,02,02,04,http://bonniesomerville.nz/wp-content/uploads/2015/08/profile-icon.png,0
recommend,9bTVnV6L,hhendersonr@aol.com,75,02,03,04,01,04,03,04,01,04,03,03,04,http://bonniesomerville.nz/wp-content/uploads/2015/08/profile-icon.png,0
group,KW7UPGLL,efloress@mac.com,34,02,01,02,04,04,01,02,04,04,01,01,02,http://bonniesomerville.nz/wp-content/uploads/2015/08/profile-icon.png,0
mail,sAUHC3hr,rstephenst@liveinternet.ru,35,01,02,01,04,04,02,01,04,04,02,02,01,http://bonniesomerville.nz/wp-content/uploads/2015/08/profile-icon.png,0
forums,SWfPaLp9,rmurphyu@bizjournals.com,88,01,01,02,03,02,01,02,03,02,01,01,02,http://bonniesomerville.nz/wp-content/uploads/2015/08/profile-icon.png,0
im,fw75ARxh,lcookv@ft.com,57,02,01,02,01,03,01,02,01,03,01,01,02,http://bonniesomerville.nz/wp-content/uploads/2015/08/profile-icon.png,0
rate,3dBx3nns,awalkerw@elegantthemes.com,46,02,01,01,03,01,01,01,03,01,01,01,01,http://bonniesomerville.nz/wp-content/uploads/2015/08/profile-icon.png,0
addto,BFqwQW3u,crichardsx@ftc.gov,95,01,01,04,03,03,01,04,03,03,01,01,04,http://bonniesomerville.nz/wp-content/uploads/2015/08/profile-icon.png,0
reply,xd277mX4,jbelly@com.com,85,01,01,01,04,03,01,01,04,03,01,01,01,http://bonniesomerville.nz/wp-content/uploads/2015/08/profile-icon.png,0
fwd,B9u35GHX,asullivanz@wired.com,91,02,02,02,01,01,02,02,01,01,02,02,02,http://bonniesomerville.nz/wp-content/uploads/2015/08/profile-icon.png,0
forward,CjGUWSjY,cmoore0100@cbsnews.com,55,01,02,03,03,02,02,03,03,02,02,02,03,http://bonniesomerville.nz/wp-content/uploads/2015/08/profile-icon.png,0
track,L9Cwuu3y,kburton0101@cnbc.com,24,02,01,04,03,04,01,04,03,04,01,01,04,http://bonniesomerville.nz/wp-content/uploads/2015/08/profile-icon.png,0
on,TV4j3gZ8,jmurray01000002@ucoz.ru,87,01,01,02,02,04,01,02,02,04,01,01,02,http://bonniesomerville.nz/wp-content/uploads/2015/08/profile-icon.png,0
off,u3L7Pgmn,vcarroll0103@woothemes.com,96,02,02,01,01,03,02,01,01,03,02,02,01,http://bonniesomerville.nz/wp-content/uploads/2015/08/profile-icon.png,0
online,x9K7Uprw,mstevens0104@w03.org,82,02,01,01,04,02,01,01,04,02,01,01,01,http://bonniesomerville.nz/wp-content/uploads/2015/08/profile-icon.png,0
offline,FkZsWrhd,scooper015@mashable.com,71,01,04,03,02,01,04,03,02,01,04,04,03,http://bonniesomerville.nz/wp-content/uploads/2015/08/profile-icon.png,0
fax,raNucy8E,smason016@symantec.com,27,01,04,04,04,04,04,04,04,04,04,04,04,http://bonniesomerville.nz/wp-content/uploads/2015/08/profile-icon.png,0
dial,DBbdAumS,hroberts017@discuz.net,44,01,03,04,02,02,03,04,02,02,03,03,04,http://bonniesomerville.nz/wp-content/uploads/2015/08/profile-icon.png,0
upload,x9N8HdfZ,slee018@tuttocitta.it,44,01,01,01,02,04,01,01,02,04,01,01,01,http://bonniesomerville.nz/wp-content/uploads/2015/08/profile-icon.png,0
download,3uhxZHgy,pdaniels019@bravesites.com,52,02,03,04,03,04,03,04,03,04,03,03,04,http://bonniesomerville.nz/wp-content/uploads/2015/08/profile-icon.png,0
up,VN9eqZV3,vcarr01a@livejournal.com,45,01,04,03,02,01,04,03,02,01,04,04,03,http://bonniesomerville.nz/wp-content/uploads/2015/08/profile-icon.png,0
down,A3RfARHz,pmoreno01b@ning.com,78,02,01,01,04,02,01,01,04,02,01,01,01,http://bonniesomerville.nz/wp-content/uploads/2015/08/profile-icon.png,0
in,gxTvn5ed,jjohnson01c@walmart.com,52,01,03,02,03,01,03,02,03,01,03,03,02,http://bonniesomerville.nz/wp-content/uploads/2015/08/profile-icon.png,0
phonebook,zpfLx5wN,wlawrence01d@wisc.edu,19,01,03,04,01,04,03,04,01,04,03,03,04,http://bonniesomerville.nz/wp-content/uploads/2015/08/profile-icon.png,0
more,k7jZeWvw,smorgan01e@columbia.edu,30,02,02,02,02,03,02,02,02,03,02,02,02,http://bonniesomerville.nz/wp-content/uploads/2015/08/profile-icon.png,0
mp3s,EHCzqyH6,dknight01f@unblog.fr,69,01,04,02,03,02,04,02,03,02,04,04,02,http://bonniesomerville.nz/wp-content/uploads/2015/08/profile-icon.png,0
mp3,NhHgVKSV,kstone01g@home.pl,42,01,03,03,04,03,03,03,04,03,03,03,03,http://bonniesomerville.nz/wp-content/uploads/2015/08/profile-icon.png,0
venue,RXsuMbNq,lhill01h@nba.com,30,01,04,01,03,02,04,01,03,02,04,04,01,http://bonniesomerville.nz/wp-content/uploads/2015/08/profile-icon.png,0
technews,5Q3LLnVC,rreyes01i@cisco.com,69,02,03,02,01,03,03,02,01,03,03,03,02,http://bonniesomerville.nz/wp-content/uploads/2015/08/profile-icon.png,0
hotels,bHYchPnq,pcollins01j@devhub.com,91,01,01,01,02,02,01,01,02,02,01,01,01,http://bonniesomerville.nz/wp-content/uploads/2015/08/profile-icon.png,0
hotel,DJ6NAt4Z,efreeman01k@scribd.com,76,02,03,04,02,04,03,04,02,04,03,03,04,http://bonniesomerville.nz/wp-content/uploads/2015/08/profile-icon.png,0
visit,Zxfwyggy,rhernandez01l@foxnews.com,44,02,01,02,03,01,01,02,03,01,01,01,02,http://bonniesomerville.nz/wp-content/uploads/2015/08/profile-icon.png,0
visited,vVgxygAR,asanchez01m@networksolutions.com,58,01,04,02,02,02,04,02,02,02,04,04,02,http://bonniesomerville.nz/wp-content/uploads/2015/08/profile-icon.png,0
ate,VCgZ74kD,jperkins01n@wufoo.com,22,01,01,02,02,03,01,02,02,03,01,01,02,http://bonniesomerville.nz/wp-content/uploads/2015/08/profile-icon.png,0
left,yB4XnnQL,dcarter01o@businessinsider.com,38,02,03,03,03,02,03,03,03,02,03,03,03,http://bonniesomerville.nz/wp-content/uploads/2015/08/profile-icon.png,0
restaurants,Lk62khtC,cfisher01p@baidu.com,98,01,02,03,03,01,02,03,03,01,02,02,03,http://bonniesomerville.nz/wp-content/uploads/2015/08/profile-icon.png,0
restaurant,znUwgQfc,landerson01q@booking.com,46,02,02,03,03,02,02,03,03,02,02,02,03,http://bonniesomerville.nz/wp-content/uploads/2015/08/profile-icon.png,0
grab,4H4SDvte,mmedina01r@google.com.au,19,02,04,03,02,03,04,03,02,03,04,04,03,http://bonniesomerville.nz/wp-content/uploads/2015/08/profile-icon.png,0
lines,AubhX93X,dallen01s@goodreads.com,59,02,02,02,04,02,02,02,04,02,02,02,02,http://bonniesomerville.nz/wp-content/uploads/2015/08/profile-icon.png,0
gametime,FTw6rZxQ,fgordon01t@comcast.net,17,01,04,01,04,01,04,01,04,01,04,04,01,http://bonniesomerville.nz/wp-content/uploads/2015/08/profile-icon.png,0
gametimes,TtpHFc6L,tferguson01u@smugmug.com,82,02,04,02,02,02,04,02,02,02,04,04,02,http://bonniesomerville.nz/wp-content/uploads/2015/08/profile-icon.png,0
meet,ytggZYFy,gbrooks01v@cornell.edu,21,01,04,04,03,02,04,04,03,02,04,04,04,http://bonniesomerville.nz/wp-content/uploads/2015/08/profile-icon.png,0
updates,qumscXUm,bfranklin01w@weather.com,38,01,01,03,04,04,01,03,04,04,01,01,03,http://bonniesomerville.nz/wp-content/uploads/2015/08/profile-icon.png,0
stock,vTq3v328,arichardson01x@icq.com,27,01,01,01,01,02,01,01,01,02,01,01,01,http://bonniesomerville.nz/wp-content/uploads/2015/08/profile-icon.png,0
forecast,cXbw7eNa,jmoore01y@blinklist.com,86,02,04,01,01,01,04,01,01,01,04,04,01,http://bonniesomerville.nz/wp-content/uploads/2015/08/profile-icon.png,0
pay,c3PDecMr,swheeler01z@blogs.com,44,01,04,04,02,02,04,04,02,02,04,04,04,http://bonniesomerville.nz/wp-content/uploads/2015/08/profile-icon.png,0
receive,Z3ZayD52,mwhite00000200@goodreads.com,75,02,04,01,02,03,04,01,02,03,04,04,01,http://bonniesomerville.nz/wp-content/uploads/2015/08/profile-icon.png,0
ass,u6vfpp5u,jwilliamson00000201@mozilla.com,42,02,02,03,02,02,02,03,02,02,02,02,03,http://bonniesomerville.nz/wp-content/uploads/2015/08/profile-icon.png,0
score,2XdR7CQh,ewhite000002000002@soup.io,55,01,03,03,03,03,03,03,03,03,03,03,03,http://bonniesomerville.nz/wp-content/uploads/2015/08/profile-icon.png,0
fanclub,mDgsjWgX,dlittle00000203@mtv.com,85,01,04,01,02,01,04,01,02,01,04,04,01,http://bonniesomerville.nz/wp-content/uploads/2015/08/profile-icon.png,0
myhoroscope,9jCEmXNp,ejones00000204@blinklist.com,49,01,02,02,03,01,02,02,03,01,02,02,02,http://bonniesomerville.nz/wp-content/uploads/2015/08/profile-icon.png,0
movietime,MuL27sDQ,jnguyen0000025@comcast.net,74,02,01,03,04,04,01,03,04,04,01,01,03,http://bonniesomerville.nz/wp-content/uploads/2015/08/profile-icon.png,0
boxing,KP8TU6gF,rolson0000026@blogs.com,62,02,04,02,01,04,04,02,01,04,04,04,02,http://bonniesomerville.nz/wp-content/uploads/2015/08/profile-icon.png,0
ncaaw,EebwCKtP,tshaw0000027@bloomberg.com,56,01,04,04,04,01,04,04,04,01,04,04,04,http://bonniesomerville.nz/wp-content/uploads/2015/08/profile-icon.png,0
ncaaf,Z8tJ38Df,tschmidt0000028@mozilla.org,83,01,02,01,01,02,02,01,01,02,02,02,01,http://bonniesomerville.nz/wp-content/uploads/2015/08/profile-icon.png,0
ncaab,NTzhYB6C,mchavez0000029@amazon.de,64,01,02,04,01,02,02,04,01,02,02,02,04,http://bonniesomerville.nz/wp-content/uploads/2015/08/profile-icon.png,0
ncaa,nvv7k5Qg,melliott000002a@studiopress.com,89,01,03,04,02,03,03,04,02,03,03,03,04,http://bonniesomerville.nz/wp-content/uploads/2015/08/profile-icon.png,0
nfl,brQ7v6mm,dromero000002b@arizona.edu,58,02,04,03,01,04,04,03,01,04,04,04,03,http://bonniesomerville.nz/wp-content/uploads/2015/08/profile-icon.png,0
nhl,ek9L5FxL,bbutler000002c@mail.ru,54,01,04,04,03,03,04,04,03,03,04,04,04,http://bonniesomerville.nz/wp-content/uploads/2015/08/profile-icon.png,0
nba,QSXZPZvu,dcunningham000002d@trellian.com,40,01,01,02,01,01,01,02,01,01,01,01,02,http://bonniesomerville.nz/wp-content/uploads/2015/08/profile-icon.png,0
nascar,HQyV5Hyt,dholmes000002e@liveinternet.ru,97,02,01,02,04,03,01,02,04,03,01,01,02,http://bonniesomerville.nz/wp-content/uploads/2015/08/profile-icon.png,0
mlb,5zUWj52G,sdean000002f@nifty.com,29,01,04,02,02,02,04,02,02,02,04,04,02,http://bonniesomerville.nz/wp-content/uploads/2015/08/profile-icon.png,0
nit,QF6jCrML,pgilbert000002g@java.com,62,01,04,01,02,02,04,01,02,02,04,04,01,http://bonniesomerville.nz/wp-content/uploads/2015/08/profile-icon.png,0
acc,QUNJqgNV,aramos000002h@cyberchimps.com,84,01,04,03,01,04,04,03,01,04,04,04,03,http://bonniesomerville.nz/wp-content/uploads/2015/08/profile-icon.png,0
a10,ennk7ExG,cchavez000002i@people.com.cn,56,01,01,02,04,04,01,02,04,04,01,01,02,http://bonniesomerville.nz/wp-content/uploads/2015/08/profile-icon.png,0
big10,BUhQvQJm,kmiller000002j@odnoklassniki.ru,36,01,03,01,03,01,03,01,03,01,03,03,01,http://bonniesomerville.nz/wp-content/uploads/2015/08/profile-icon.png,0
big12,EgYZzrtz,choward000002k@blogger.com,36,02,04,03,04,03,04,03,04,03,04,04,03,http://bonniesomerville.nz/wp-content/uploads/2015/08/profile-icon.png,0
caa,mx4xRPHB,alittle000002l@gnu.org,92,02,03,02,04,02,03,02,04,02,03,03,02,http://bonniesomerville.nz/wp-content/uploads/2015/08/profile-icon.png,0
cusa,MpXYacfc,phayes000002m@ucoz.ru,99,02,02,02,04,01,02,02,04,01,02,02,02,http://bonniesomerville.nz/wp-content/uploads/2015/08/profile-icon.png,0
maac,enLVKAwA,wgordon000002n@cloudflare.com,42,02,04,02,03,01,04,02,03,01,04,04,02,http://bonniesomerville.nz/wp-content/uploads/2015/08/profile-icon.png,0
pac10,qyh8DUqU,chall000002o@nytimes.com,20,02,01,02,04,01,01,02,04,01,01,01,02,http://bonniesomerville.nz/wp-content/uploads/2015/08/profile-icon.png,0
sec,CcrJuG4L,lwalker000002p@myspace.com,59,01,03,03,01,02,03,03,01,02,03,03,03,http://bonniesomerville.nz/wp-content/uploads/2015/08/profile-icon.png,0
wac,uEcJWNS4,amarshall000002q@reddit.com,27,01,01,01,01,01,01,01,01,01,01,01,01,http://bonniesomerville.nz/wp-content/uploads/2015/08/profile-icon.png,0
BigEast,p5G5DWUQ,ewright000002r@un.org,18,02,04,03,02,02,04,03,02,02,04,04,03,http://bonniesomerville.nz/wp-content/uploads/2015/08/profile-icon.png,0
ConferenceUSA,UcyhSPjG,tjames00@pagesperso-orange.fr,84,02,04,04,04,03,04,04,04,03,04,04,04,http://bonniesomerville.nz/wp-content/uploads/2015/08/profile-icon.png,0
IAIndependents,F9T3ZF2q,agordon01@hud.gov,92,02,03,02,02,02,03,02,02,02,03,03,02,http://bonniesomerville.nz/wp-content/uploads/2015/08/profile-icon.png,0
Mid-American,9F48pW7f,knguyen000002@04shared.com,64,01,04,03,03,03,04,03,03,03,04,04,03,http://bonniesomerville.nz/wp-content/uploads/2015/08/profile-icon.png,0
MountainWest,VyjSj2Cs,jjackson03@nationalgeographic.com,23,02,02,04,04,03,02,04,04,03,02,02,04,http://bonniesomerville.nz/wp-content/uploads/2015/08/profile-icon.png,0
Pacific10,nV4Xu7SZ,mperkins04@ibm.com,79,02,02,04,01,01,02,04,01,01,02,02,04,http://bonniesomerville.nz/wp-content/uploads/2015/08/profile-icon.png,0
SunBelt,yENKBPSJ,mwilliams5@privacy.gov.au,74,02,03,01,01,03,03,01,01,03,03,03,01,http://bonniesomerville.nz/wp-content/uploads/2015/08/profile-icon.png,0
nbadraft,T4YpQTjZ,dhudson6@businessweek.com,77,02,03,03,02,01,03,03,02,01,03,03,03,http://bonniesomerville.nz/wp-content/uploads/2015/08/profile-icon.png,0
nhldraft,jaG9wenb,hmason7@hatena.ne.jp,89,02,01,03,03,02,01,03,03,02,01,01,03,http://bonniesomerville.nz/wp-content/uploads/2015/08/profile-icon.png,0
nfldraft,W9dpGw2Q,mparker8@hao0100000203.com,39,01,04,04,04,03,04,04,04,03,04,04,04,http://bonniesomerville.nz/wp-content/uploads/2015/08/profile-icon.png,0
mlbdraft,wfXXhVJs,wcarpenter9@uol.com.br,72,01,03,01,03,03,03,01,03,03,03,03,01,http://bonniesomerville.nz/wp-content/uploads/2015/08/profile-icon.png,0
ALABAMA,pZkFqu6d,mstonea@economist.com,51,01,02,02,01,01,02,02,01,01,02,02,02,http://bonniesomerville.nz/wp-content/uploads/2015/08/profile-icon.png,0
AMERICANSAMOA,xCwRNLhU,jjonesb@dell.com,80,02,01,04,04,02,01,04,04,02,01,01,04,http://bonniesomerville.nz/wp-content/uploads/2015/08/profile-icon.png,0
ARIZONA,tNSkVK9n,jleec@feedburner.com,21,02,02,02,03,03,02,02,03,03,02,02,02,http://bonniesomerville.nz/wp-content/uploads/2015/08/profile-icon.png,0
DELAWARE,zmUSTkhb,jedwardsd@yellowbook.com,31,01,01,02,04,02,01,02,04,02,01,01,02,http://bonniesomerville.nz/wp-content/uploads/2015/08/profile-icon.png,0
DISTRICTOFCOLUMBIA,AQzHNLAy,adanielse@merriam-webster.com,76,01,04,03,01,03,04,03,01,03,04,04,03,http://bonniesomerville.nz/wp-content/uploads/2015/08/profile-icon.png,0
FDRATEDSTMICRO,BFcGq6DD,abennettf@nih.gov,61,02,02,03,02,04,02,03,02,04,02,02,03,http://bonniesomerville.nz/wp-content/uploads/2015/08/profile-icon.png,0
KANSAS,hUWK2w8P,rgarrettg@nyu.edu,83,01,04,04,03,03,04,04,03,03,04,04,04,http://bonniesomerville.nz/wp-content/uploads/2015/08/profile-icon.png,0
KENTUCKY,MpCHrkdw,hlarsonh@sohu.com,30,02,02,02,04,04,02,02,04,04,02,02,02,http://bonniesomerville.nz/wp-content/uploads/2015/08/profile-icon.png,0
LOUISIANA,t2HEv7Cp,sfieldsi@wufoo.com,30,02,04,02,03,03,04,02,03,03,04,04,02,http://bonniesomerville.nz/wp-content/uploads/2015/08/profile-icon.png,0
MAINE,bgsqjsE3,rharveyj@npr.org,98,02,04,04,03,03,04,04,03,03,04,04,04,http://bonniesomerville.nz/wp-content/uploads/2015/08/profile-icon.png,0
MARSHALLISLANDS,P95FR6An,pturnerk@weebly.com,71,01,01,02,01,04,01,02,01,04,01,01,02,http://bonniesomerville.nz/wp-content/uploads/2015/08/profile-icon.png,0
MASSACHUSETTS,8p34vqgT,ageorgel@comcast.net,91,02,04,01,02,04,04,01,02,04,04,04,01,http://bonniesomerville.nz/wp-content/uploads/2015/08/profile-icon.png,0
NEWMEXICO,8UtWvnc5,mburtonm@nbcnews.com,19,01,03,03,04,04,03,03,04,04,03,03,03,http://bonniesomerville.nz/wp-content/uploads/2015/08/profile-icon.png,0
PALAU,3y7tNrKB,dmasonn@technorati.com,32,02,03,03,03,01,03,03,03,01,03,03,03,http://bonniesomerville.nz/wp-content/uploads/2015/08/profile-icon.png,0
PUERTORICO,4H2pfkyw,lelliso@sciencedirect.com,31,02,02,02,02,04,02,02,02,04,02,02,02,http://bonniesomerville.nz/wp-content/uploads/2015/08/profile-icon.png,0
SOUTHCAROLINA,R3x3eqC6,tandersonp@nyu.edu,87,02,03,04,03,03,03,04,03,03,03,03,04,http://bonniesomerville.nz/wp-content/uploads/2015/08/profile-icon.png,0
SOUTHDAKOTA,cUaJWS9Y,tburkeq@purevolume.com,81,02,02,04,02,04,02,04,02,04,02,02,04,http://bonniesomerville.nz/wp-content/uploads/2015/08/profile-icon.png,0
VERMONT,UHXpzh7u,sbrooksr@slate.com,75,02,03,04,01,04,03,04,01,04,03,03,04,http://bonniesomerville.nz/wp-content/uploads/2015/08/profile-icon.png,0
BostonCollege,zcBSpbVw,jgonzaless@hexun.com,34,01,01,02,04,04,01,02,04,04,01,01,02,http://bonniesomerville.nz/wp-content/uploads/2015/08/profile-icon.png,0
Nebraska,gq6sCJHg,etorrest@hexun.com,35,02,02,01,04,04,02,01,04,04,02,02,01,http://bonniesomerville.nz/wp-content/uploads/2015/08/profile-icon.png,0
Michigan,vZVdUEWg,dsandersu@photobucket.com,88,01,01,02,03,02,01,02,03,02,01,01,02,http://bonniesomerville.nz/wp-content/uploads/2015/08/profile-icon.png,0
MichiganState,5yxH5Kev,bhansonv@networksolutions.com,57,02,01,02,01,03,01,02,01,03,01,01,02,http://bonniesomerville.nz/wp-content/uploads/2015/08/profile-icon.png,0
FloridaInt,dazzGGPb,jrobertsw@slideshare.net,46,02,01,01,03,01,01,01,03,01,01,01,01,http://bonniesomerville.nz/wp-content/uploads/2015/08/profile-icon.png,0
LaLafayette,L3HJwumZ,jfoxx@artisteer.com,95,01,01,04,03,03,01,04,03,03,01,01,04,http://bonniesomerville.nz/wp-content/uploads/2015/08/profile-icon.png,0
LaMonroe,NkqBfpTL,khenryy@usgs.gov,85,02,01,01,04,03,01,01,04,03,01,01,01,http://bonniesomerville.nz/wp-content/uploads/2015/08/profile-icon.png,0
MidTennState,8hxxVYH8,fgilbertz@freewebs.com,91,01,02,02,01,01,02,02,01,01,02,02,02,http://bonniesomerville.nz/wp-content/uploads/2015/08/profile-icon.png,0
MidTennSt,SNVFnDJu,vgibson0100@w03.org,55,01,02,03,03,02,02,03,03,02,02,02,03,http://bonniesomerville.nz/wp-content/uploads/2015/08/profile-icon.png,0
LouisianaTech,cbJYfP4P,acollins0101@pen.io,24,01,01,04,03,04,01,04,03,04,01,01,04,http://bonniesomerville.nz/wp-content/uploads/2015/08/profile-icon.png,0
acc,hPR6dumd,jlawson01000002@multiply.com,87,02,01,02,02,04,01,02,02,04,01,01,02,http://bonniesomerville.nz/wp-content/uploads/2015/08/profile-icon.png,0
a10,Z2SAZPdL,gcox0103@un.org,96,02,02,01,01,03,02,01,01,03,02,02,01,http://bonniesomerville.nz/wp-content/uploads/2015/08/profile-icon.png,0
bigten,CwfydJrs,sgibson0104@cbc.ca,82,01,01,01,04,02,01,01,04,02,01,01,01,http://bonniesomerville.nz/wp-content/uploads/2015/08/profile-icon.png,0
bigtwelve,8WWTPAyN,jcastillo015@sohu.com,71,02,04,03,02,01,04,03,02,01,04,04,03,http://bonniesomerville.nz/wp-content/uploads/2015/08/profile-icon.png,0
big10,ycxaeYws,jcarpenter016@domainmarket.com,27,02,04,04,04,04,04,04,04,04,04,04,04,http://bonniesomerville.nz/wp-content/uploads/2015/08/profile-icon.png,0
big12,ZVZAsdZn,dallen017@discovery.com,44,01,03,04,02,02,03,04,02,02,03,03,04,http://bonniesomerville.nz/wp-content/uploads/2015/08/profile-icon.png,0
caa,FxCTcnKE,djackson018@ox.ac.uk,44,01,01,01,02,04,01,01,02,04,01,01,01,http://bonniesomerville.nz/wp-content/uploads/2015/08/profile-icon.png,0
cusa,tQ3fjD2C,aperry019@cdbaby.com,52,01,03,04,03,04,03,04,03,04,03,03,04,http://bonniesomerville.nz/wp-content/uploads/2015/08/profile-icon.png,0
maac,VJ2bPu9V,mfreeman01a@bluehost.com,45,01,04,03,02,01,04,03,02,01,04,04,03,http://bonniesomerville.nz/wp-content/uploads/2015/08/profile-icon.png,0
pac10,j2F4sBBC,jwatkins01b@bravesites.com,78,02,01,01,04,02,01,01,04,02,01,01,01,http://bonniesomerville.nz/wp-content/uploads/2015/08/profile-icon.png,0
sec,sgmmwHf7,hgilbert01c@hc03600.com,52,01,03,02,03,01,03,02,03,01,03,03,02,http://bonniesomerville.nz/wp-content/uploads/2015/08/profile-icon.png,0
wac,rKGhAhwh,crodriguez01d@admin.ch,19,01,03,04,01,04,03,04,01,04,03,03,04,http://bonniesomerville.nz/wp-content/uploads/2015/08/profile-icon.png,0
Army,nfY9vXCZ,ajohnston01e@howstuffworks.com,30,02,02,02,02,03,02,02,02,03,02,02,02,http://bonniesomerville.nz/wp-content/uploads/2015/08/profile-icon.png,0
bostoncollege,HJKNnaFK,rhunter01f@nyu.edu,69,01,04,02,03,02,04,02,03,02,04,04,02,http://bonniesomerville.nz/wp-content/uploads/2015/08/profile-icon.png,0
Colorado,aK9vas3u,kharris01g@java.com,42,02,03,03,04,03,03,03,04,03,03,03,03,http://bonniesomerville.nz/wp-content/uploads/2015/08/profile-icon.png,0
Connecticut,LCTEaCvy,aross01h@netscape.com,30,02,04,01,03,02,04,01,03,02,04,04,01,http://bonniesomerville.nz/wp-content/uploads/2015/08/profile-icon.png,0
Illinios,jtmBeMcK,pgarcia01i@princeton.edu,69,02,03,02,01,03,03,02,01,03,03,03,02,http://bonniesomerville.nz/wp-content/uploads/2015/08/profile-icon.png,0
Iowa,xcS3CZhY,ggrant01j@umich.edu,91,01,01,01,02,02,01,01,02,02,01,01,01,http://bonniesomerville.nz/wp-content/uploads/2015/08/profile-icon.png,0
Kansas,sKwUJqJp,swoods01k@noaa.gov,76,02,03,04,02,04,03,04,02,04,03,03,04,http://bonniesomerville.nz/wp-content/uploads/2015/08/profile-icon.png,0
Maryland,qjRd5ZDA,gdixon01l@wikia.com,44,02,01,02,03,01,01,02,03,01,01,01,02,http://bonniesomerville.nz/wp-content/uploads/2015/08/profile-icon.png,0
Michigan,nhBFbU8a,cmartin01m@imageshack.us,58,02,04,02,02,02,04,02,02,02,04,04,02,http://bonniesomerville.nz/wp-content/uploads/2015/08/profile-icon.png,0
Minnesota,rSRWTArj,breynolds01n@walmart.com,22,02,01,02,02,03,01,02,02,03,01,01,02,http://bonniesomerville.nz/wp-content/uploads/2015/08/profile-icon.png,0
Missouri,uWdnCqUZ,coliver01o@jiathis.com,38,01,03,03,03,02,03,03,03,02,03,03,03,http://bonniesomerville.nz/wp-content/uploads/2015/08/profile-icon.png,0
Nebraska,T3uGuLqF,vhansen01p@cam.ac.uk,98,02,02,03,03,01,02,03,03,01,02,02,03,http://bonniesomerville.nz/wp-content/uploads/2015/08/profile-icon.png,0
NorthCarolina,9mWvgXA5,gjordan01q@smh.com.au,46,02,02,03,03,02,02,03,03,02,02,02,03,http://bonniesomerville.nz/wp-content/uploads/2015/08/profile-icon.png,0
Oaklahoma,qdR2mfAC,dmiller01r@hostgator.com,19,02,04,03,02,03,04,03,02,03,04,04,03,http://bonniesomerville.nz/wp-content/uploads/2015/08/profile-icon.png,0
WestVirginia,P8JS5hcx,sholmes01s@pen.io,59,01,02,02,04,02,02,02,04,02,02,02,02,http://bonniesomerville.nz/wp-content/uploads/2015/08/profile-icon.png,0
Wisconsin,CPkE2W7T,kray01t@reddit.com,17,01,04,01,04,01,04,01,04,01,04,04,01,http://bonniesomerville.nz/wp-content/uploads/2015/08/profile-icon.png,0
Chicago,62s8krFC,jthompson01u@spiegel.de,82,01,04,02,02,02,04,02,02,02,04,04,02,http://bonniesomerville.nz/wp-content/uploads/2015/08/profile-icon.png,0
Houston,VTDnu4ar,whunter01v@typepad.com,21,02,04,04,03,02,04,04,03,02,04,04,04,http://bonniesomerville.nz/wp-content/uploads/2015/08/profile-icon.png,0
Philadelphia,RRrA9uGW,blewis01w@independent.co.uk,38,01,01,03,04,04,01,03,04,04,01,01,03,http://bonniesomerville.nz/wp-content/uploads/2015/08/profile-icon.png,0
SanDiego,GbqA9rhB,mfernandez01x@washington.edu,27,01,01,01,01,02,01,01,01,02,01,01,01,http://bonniesomerville.nz/wp-content/uploads/2015/08/profile-icon.png,0
SanAntonio,XcjHkXre,pbrown01y@economist.com,86,02,04,01,01,01,04,01,01,01,04,04,01,http://bonniesomerville.nz/wp-content/uploads/2015/08/profile-icon.png,0
Detroit,EJT6gxpQ,lgordon01z@businesswire.com,44,02,04,04,02,02,04,04,02,02,04,04,04,http://bonniesomerville.nz/wp-content/uploads/2015/08/profile-icon.png,0
Jacksonville,awyhgttb,pgutierrez00000200@fda.gov,75,01,04,01,02,03,04,01,02,03,04,04,01,http://bonniesomerville.nz/wp-content/uploads/2015/08/profile-icon.png,0
Columbus,txFmh2az,awillis00000201@wix.com,42,01,02,03,02,02,02,03,02,02,02,02,03,http://bonniesomerville.nz/wp-content/uploads/2015/08/profile-icon.png,0
Memphis,ttHCG8Aj,palexander000002000002@whitehouse.gov,55,01,03,03,03,03,03,03,03,03,03,03,03,http://bonniesomerville.nz/wp-content/uploads/2015/08/profile-icon.png,0
FortWorth,jNmdrmVX,pjohnston00000203@yahoo.com,85,01,04,01,02,01,04,01,02,01,04,04,01,http://bonniesomerville.nz/wp-content/uploads/2015/08/profile-icon.png,0
ElPaso,JwK9BwDs,ajordan00000204@fc000002.com,49,02,02,02,03,01,02,02,03,01,02,02,02,http://bonniesomerville.nz/wp-content/uploads/2015/08/profile-icon.png,0
Boston,U2FQqZSG,egreen0000025@nih.gov,74,01,01,03,04,04,01,03,04,04,01,01,03,http://bonniesomerville.nz/wp-content/uploads/2015/08/profile-icon.png,0
Milwaukee,zbPHMgC8,scox0000026@salon.com,62,01,04,02,01,04,04,02,01,04,04,04,02,http://bonniesomerville.nz/wp-content/uploads/2015/08/profile-icon.png,0
Seattle,A3wru9fL,charrison0000027@blogspot.com,56,02,04,04,04,01,04,04,04,01,04,04,04,http://bonniesomerville.nz/wp-content/uploads/2015/08/profile-icon.png,0
Louisville,SwjWZgVE,kford0000028@ycombinator.com,83,02,02,01,01,02,02,01,01,02,02,02,01,http://bonniesomerville.nz/wp-content/uploads/2015/08/profile-icon.png,0
Nashville,gZ7bDMFY,sreyes0000029@linkedin.com,64,02,02,04,01,02,02,04,01,02,02,02,04,http://bonniesomerville.nz/wp-content/uploads/2015/08/profile-icon.png,0
LasVegas,QVVcRYvV,rcampbell000002a@etsy.com,89,02,03,04,02,03,03,04,02,03,03,03,04,http://bonniesomerville.nz/wp-content/uploads/2015/08/profile-icon.png,0
Portland,EG9XeVrB,ngardner000002b@zdnet.com,58,02,04,03,01,04,04,03,01,04,04,04,03,http://bonniesomerville.nz/wp-content/uploads/2015/08/profile-icon.png,0
OklahomaCity,ZmdGkZZS,dberry000002c@tripod.com,54,01,04,04,03,03,04,04,03,03,04,04,04,http://bonniesomerville.nz/wp-content/uploads/2015/08/profile-icon.png,0
Tucson,vqcbkdPk,jcox000002d@umich.edu,40,02,01,02,01,01,01,02,01,01,01,01,02,http://bonniesomerville.nz/wp-content/uploads/2015/08/profile-icon.png,0
Albuquerque,FgY7dwdQ,smurphy000002e@nymag.com,97,01,01,02,04,03,01,02,04,03,01,01,02,http://bonniesomerville.nz/wp-content/uploads/2015/08/profile-icon.png,0
Atlanta,BW8keRwg,lgarza000002f@cmu.edu,29,01,04,02,02,02,04,02,02,02,04,04,02,http://bonniesomerville.nz/wp-content/uploads/2015/08/profile-icon.png,0
LongBeach,BBUKWCa5,lblack000002g@privacy.gov.au,62,01,04,01,02,02,04,01,02,02,04,04,01,http://bonniesomerville.nz/wp-content/uploads/2015/08/profile-icon.png,0
Fresno,4WCvEEf7,dphillips000002h@nydailynews.com,84,01,04,03,01,04,04,03,01,04,04,04,03,http://bonniesomerville.nz/wp-content/uploads/2015/08/profile-icon.png,0
vegas,JVxzA8Wy,gkelly000002i@imageshack.us,56,01,01,02,04,04,01,02,04,04,01,01,02,http://bonniesomerville.nz/wp-content/uploads/2015/08/profile-icon.png,0
NewOrleans,rJaBMvuN,tthompson000002j@msn.com,36,01,03,01,03,01,03,01,03,01,03,03,01,http://bonniesomerville.nz/wp-content/uploads/2015/08/profile-icon.png,0
Cleveland,DBJ3YD5P,jchapman000002k@sbwire.com,36,01,04,03,04,03,04,03,04,03,04,04,03,http://bonniesomerville.nz/wp-content/uploads/2015/08/profile-icon.png,0
VirginiaBeach,aFnJ4x4a,jhamilton000002l@whitehouse.gov,92,01,03,02,04,02,03,02,04,02,03,03,02,http://bonniesomerville.nz/wp-content/uploads/2015/08/profile-icon.png,0
Omaha,vGyRen6Y,bbradley000002m@shinystat.com,99,01,02,02,04,01,02,02,04,01,02,02,02,http://bonniesomerville.nz/wp-content/uploads/2015/08/profile-icon.png,0
Oakland,bLu343m5,sfuller000002n@lycos.com,42,01,04,02,03,01,04,02,03,01,04,04,02,http://bonniesomerville.nz/wp-content/uploads/2015/08/profile-icon.png,0
Tulsa,yyqKA2pn,lkennedy000002o@cnet.com,20,01,01,02,04,01,01,02,04,01,01,01,02,http://bonniesomerville.nz/wp-content/uploads/2015/08/profile-icon.png,0
Honolulu,prC7ZAEj,hkennedy000002p@yale.edu,59,02,03,03,01,02,03,03,01,02,03,03,03,http://bonniesomerville.nz/wp-content/uploads/2015/08/profile-icon.png,0
Minneapolis,hjeZFRze,jwatson000002q@joomla.org,27,02,01,01,01,01,01,01,01,01,01,01,01,http://bonniesomerville.nz/wp-content/uploads/2015/08/profile-icon.png,0
ColoradoSprings,Ewpy4CqS,jadams000002r@exblog.jp,18,01,04,03,02,02,04,03,02,02,04,04,03,http://bonniesomerville.nz/wp-content/uploads/2015/08/profile-icon.png,0
Arlington,G9dwNNRh,spayne00@google.es,84,02,01,04,04,03,01,04,04,03,01,01,04,http://bonniesomerville.nz/wp-content/uploads/2015/08/profile-icon.png,0
Wichita,EWmtX6xA,grice01@wunderground.com,92,02,03,02,02,02,03,02,02,02,03,03,02,http://bonniesomerville.nz/wp-content/uploads/2015/08/profile-icon.png,0
StLouis,TSV8qn3J,jwells000002@discuz.net,64,02,04,03,03,03,04,03,03,03,04,04,03,http://bonniesomerville.nz/wp-content/uploads/2015/08/profile-icon.png,0
Raleigh,2gJTqAWc,jbutler03@sciencedaily.com,23,02,03,04,04,03,03,04,04,03,03,03,04,http://bonniesomerville.nz/wp-content/uploads/2015/08/profile-icon.png,0
SantaAna,AyWjQZbB,fgeorge04@princeton.edu,79,01,02,04,01,01,02,04,01,01,02,02,04,http://bonniesomerville.nz/wp-content/uploads/2015/08/profile-icon.png,0
Anaheim,G3BFv6qk,arussell5@biblegateway.com,74,02,04,01,01,03,04,01,01,03,04,04,01,http://bonniesomerville.nz/wp-content/uploads/2015/08/profile-icon.png,0
Cincinnati,CvheKtms,dfowler6@clickbank.net,77,02,01,03,02,01,01,03,02,01,01,01,03,http://bonniesomerville.nz/wp-content/uploads/2015/08/profile-icon.png,0
Tampa,v2petTyN,ffowler7@tripod.com,89,02,03,03,03,02,03,03,03,02,03,03,03,http://bonniesomerville.nz/wp-content/uploads/2015/08/profile-icon.png,0
Pittsburgh,75vv49H5,kreyes8@storify.com,39,01,01,04,04,03,01,04,04,03,01,01,04,http://bonniesomerville.nz/wp-content/uploads/2015/08/profile-icon.png,0
Toledo,ZyA5NZWA,rflores9@marriott.com,72,01,04,01,03,03,04,01,03,03,04,04,01,http://bonniesomerville.nz/wp-content/uploads/2015/08/profile-icon.png,0
Bakersfield,A9GCczyW,cgriffina@mozilla.com,51,01,04,02,01,01,04,02,01,01,04,04,02,http://bonniesomerville.nz/wp-content/uploads/2015/08/profile-icon.png,0
Riverside,juWdazPz,padamsb@dyndns.org,80,01,04,04,04,02,04,04,04,02,04,04,04,http://bonniesomerville.nz/wp-content/uploads/2015/08/profile-icon.png,0
Stockton,aFMqu79F,rduncanc@nationalgeographic.com,21,01,03,02,03,03,03,02,03,03,03,03,02,http://bonniesomerville.nz/wp-content/uploads/2015/08/profile-icon.png,0
CorpusChristi,MWbsR3vj,bmoored@networkadvertising.org,31,02,04,02,04,02,04,02,04,02,04,04,02,http://bonniesomerville.nz/wp-content/uploads/2015/08/profile-icon.png,0
Newark,wwF2hAk6,rcastilloe@eventbrite.com,76,01,02,03,01,03,02,03,01,03,02,02,03,http://bonniesomerville.nz/wp-content/uploads/2015/08/profile-icon.png,0
StPaul,ct3HwKXV,jmorganf@etsy.com,61,01,02,03,02,04,02,03,02,04,02,02,03,http://bonniesomerville.nz/wp-content/uploads/2015/08/profile-icon.png,0
Anchorage,y9WFDQ3T,nhenryg@livejournal.com,83,02,03,04,03,03,03,04,03,03,03,03,04,http://bonniesomerville.nz/wp-content/uploads/2015/08/profile-icon.png,0
Lexington,qQ6VD6d4,ajonesh@opensource.org,30,01,03,02,04,04,03,02,04,04,03,03,02,http://bonniesomerville.nz/wp-content/uploads/2015/08/profile-icon.png,0
Plano,hMYpZ7Ys,creyesi@odnoklassniki.ru,30,02,01,02,03,03,01,02,03,03,01,01,02,http://bonniesomerville.nz/wp-content/uploads/2015/08/profile-icon.png,0
StPetersburg,BNZ8V8Uj,mcollinsj@jiathis.com,98,02,04,04,03,03,04,04,03,03,04,04,04,http://bonniesomerville.nz/wp-content/uploads/2015/08/profile-icon.png,0
JerseyCity,WArEUxVP,jjohnstonk@ca.gov,71,01,03,02,01,04,03,02,01,04,03,03,02,http://bonniesomerville.nz/wp-content/uploads/2015/08/profile-icon.png,0
Glendale,xStQtDaT,ggeorgel@technorati.com,91,01,02,01,02,04,02,01,02,04,02,02,01,http://bonniesomerville.nz/wp-content/uploads/2015/08/profile-icon.png,0
Lincoln,MGxyJErY,jcastillom@sbwire.com,19,02,01,03,04,04,01,03,04,04,01,01,03,http://bonniesomerville.nz/wp-content/uploads/2015/08/profile-icon.png,0
Henderson,aNYGpEMN,jkelleyn@foxnews.com,32,01,02,03,03,01,02,03,03,01,02,02,03,http://bonniesomerville.nz/wp-content/uploads/2015/08/profile-icon.png,0
Greensboro,bS8J45Cf,jrayo@baidu.com,31,02,01,02,02,04,01,02,02,04,01,01,02,http://bonniesomerville.nz/wp-content/uploads/2015/08/profile-icon.png,0
Norfolk,sxXcEJFZ,fgrantp@google.ca,87,02,04,04,03,03,04,04,03,03,04,04,04,http://bonniesomerville.nz/wp-content/uploads/2015/08/profile-icon.png,0
Birmingham,tRzd8aHU,brossq@hud.gov,81,02,02,04,02,04,02,04,02,04,02,02,04,http://bonniesomerville.nz/wp-content/uploads/2015/08/profile-icon.png,0
Scottsdale,bTwCZwbf,tharrisonr@europa.eu,75,01,04,04,01,04,04,04,01,04,04,04,04,http://bonniesomerville.nz/wp-content/uploads/2015/08/profile-icon.png,0
FortWayne,WJZVyg9p,jbrowns@cpanel.net,34,02,02,02,04,04,02,02,04,04,02,02,02,http://bonniesomerville.nz/wp-content/uploads/2015/08/profile-icon.png,0
BatonRouge,pRMaHwr3,jwilliamst@booking.com,35,01,04,01,04,04,04,01,04,04,04,04,01,http://bonniesomerville.nz/wp-content/uploads/2015/08/profile-icon.png,0
Madison,TLAUNt26,cfosteru@blogtalkradio.com,88,01,04,02,03,02,04,02,03,02,04,04,02,http://bonniesomerville.nz/wp-content/uploads/2015/08/profile-icon.png,0
Hialeah,as6VWWwm,awatsonv@buzzfeed.com,57,01,01,02,01,03,01,02,01,03,01,01,02,http://bonniesomerville.nz/wp-content/uploads/2015/08/profile-icon.png,0
Chesapeake,qyYKyVYW,wporterw@cyberchimps.com,46,01,04,01,03,01,04,01,03,01,04,04,01,http://bonniesomerville.nz/wp-content/uploads/2015/08/profile-icon.png,0
Garland,GEM44bLN,bgonzalezx@t.co,95,02,03,04,03,03,03,04,03,03,03,03,04,http://bonniesomerville.nz/wp-content/uploads/2015/08/profile-icon.png,0
Rochester,D3NUn7Pk,gmitchelly@hostgator.com,85,02,03,01,04,03,03,01,04,03,03,03,01,http://bonniesomerville.nz/wp-content/uploads/2015/08/profile-icon.png,0
Akron,yUte8Nax,tpalmerz@example.com,91,02,02,02,01,01,02,02,01,01,02,02,02,http://bonniesomerville.nz/wp-content/uploads/2015/08/profile-icon.png,0
ChulaVista,pBSm8XGY,mbanks0100@lulu.com,55,01,03,03,03,02,03,03,03,02,03,03,03,http://bonniesomerville.nz/wp-content/uploads/2015/08/profile-icon.png,0
Fremont,gZtEUPuV,spayne0101@networksolutions.com,24,01,02,04,03,04,02,04,03,04,02,02,04,http://bonniesomerville.nz/wp-content/uploads/2015/08/profile-icon.png,0
Lubbock,zexMnfsz,ehart01000002@bloomberg.com,87,01,03,02,02,04,03,02,02,04,03,03,02,http://bonniesomerville.nz/wp-content/uploads/2015/08/profile-icon.png,0
Laredo,3javxSQb,adunn0103@trellian.com,96,02,01,01,01,03,01,01,01,03,01,01,01,http://bonniesomerville.nz/wp-content/uploads/2015/08/profile-icon.png,0
Durham,YPFwNxVQ,cfranklin0104@mit.edu,82,02,02,01,04,02,02,01,04,02,02,02,01,http://bonniesomerville.nz/wp-content/uploads/2015/08/profile-icon.png,0
Shreveport,t3V9DCbt,rthomas015@ning.com,71,02,01,03,02,01,01,03,02,01,01,01,03,http://bonniesomerville.nz/wp-content/uploads/2015/08/profile-icon.png,0
SanBernardino,TDQBPxgx,gaustin016@vkontakte.ru,27,01,01,04,04,04,01,04,04,04,01,01,04,http://bonniesomerville.nz/wp-content/uploads/2015/08/profile-icon.png,0
Spokane,HcBsWMkb,ewatson017@imdb.com,44,01,01,04,02,02,01,04,02,02,01,01,04,http://bonniesomerville.nz/wp-content/uploads/2015/08/profile-icon.png,0
Yonkers,T39buaCR,kflores018@huffingtonpost.com,44,02,01,01,02,04,01,01,02,04,01,01,01,http://bonniesomerville.nz/wp-content/uploads/2015/08/profile-icon.png,0
Tacoma,s7fb5QtQ,kpalmer019@wikispaces.com,52,02,01,04,03,04,01,04,03,04,01,01,04,http://bonniesomerville.nz/wp-content/uploads/2015/08/profile-icon.png,0
HuntingtonBeach,dv5fTrtP,areed01a@mlb.com,45,02,02,03,02,01,02,03,02,01,02,02,03,http://bonniesomerville.nz/wp-content/uploads/2015/08/profile-icon.png,0
DesMoines,NBeeWP4u,scarpenter01b@symantec.com,78,01,02,01,04,02,02,01,04,02,02,02,01,http://bonniesomerville.nz/wp-content/uploads/2015/08/profile-icon.png,0
GrandRapids,AA2Wghga,ghicks01c@elpais.com,52,02,01,02,03,01,01,02,03,01,01,01,02,http://bonniesomerville.nz/wp-content/uploads/2015/08/profile-icon.png,0
Richmond,bs5xKLVn,hjones01d@yellowbook.com,19,01,01,04,01,04,01,04,01,04,01,01,04,http://bonniesomerville.nz/wp-content/uploads/2015/08/profile-icon.png,0
Winston-Salem,N8YgjGX7,awest01e@unblog.fr,30,02,02,02,02,03,02,02,02,03,02,02,02,http://bonniesomerville.nz/wp-content/uploads/2015/08/profile-icon.png,0
Irving,93T6xpj6,eellis01f@usa.gov,69,02,01,02,03,02,01,02,03,02,01,01,02,http://bonniesomerville.nz/wp-content/uploads/2015/08/profile-icon.png,0
BoiseCity,Fw5jERjV,cscott01g@alibaba.com,42,01,04,03,04,03,04,03,04,03,04,04,03,http://bonniesomerville.nz/wp-content/uploads/2015/08/profile-icon.png,0
Augusta-Richmond,JwSy4GD4,shicks01h@flavors.me,30,02,04,01,03,02,04,01,03,02,04,04,01,http://bonniesomerville.nz/wp-content/uploads/2015/08/profile-icon.png,0
Irvine,87YMYhDs,mlarson01i@omniture.com,69,02,03,02,01,03,03,02,01,03,03,03,02,http://bonniesomerville.nz/wp-content/uploads/2015/08/profile-icon.png,0
LittleRock,rkeCbhgZ,sduncan01j@xinhuanet.com,91,02,01,01,02,02,01,01,02,02,01,01,01,http://bonniesomerville.nz/wp-content/uploads/2015/08/profile-icon.png,0
Oxnard,urTtqqFE,ijacobs01k@smugmug.com,76,02,03,04,02,04,03,04,02,04,03,03,04,http://bonniesomerville.nz/wp-content/uploads/2015/08/profile-icon.png,0
Amarillo,TCFvtD4v,eporter01l@state.gov,44,01,04,02,03,01,04,02,03,01,04,04,02,http://bonniesomerville.nz/wp-content/uploads/2015/08/profile-icon.png,0
Knoxville,MgjUkC9V,jandrews01m@yahoo.co.jp,58,02,01,02,02,02,01,02,02,02,01,01,02,http://bonniesomerville.nz/wp-content/uploads/2015/08/profile-icon.png,0
NewportNews,U8RLV9az,jclark01n@parallels.com,22,02,03,02,02,03,03,02,02,03,03,03,02,http://bonniesomerville.nz/wp-content/uploads/2015/08/profile-icon.png,0
MorenoValley,Xq4YYGvU,hwillis01o@yandex.ru,38,02,03,03,03,02,03,03,03,02,03,03,03,http://bonniesomerville.nz/wp-content/uploads/2015/08/profile-icon.png,0
SaltLakeCity,xvsGFtMp,jperry01p@miibeian.gov.cn,98,02,02,03,03,01,02,03,03,01,02,02,03,http://bonniesomerville.nz/wp-content/uploads/2015/08/profile-icon.png,0
Jackson,Nj5dbUhs,jknight01q@adobe.com,46,02,04,03,03,02,04,03,03,02,04,04,03,http://bonniesomerville.nz/wp-content/uploads/2015/08/profile-icon.png,0
Providence,5UXdcjLB,ajohnston01r@nyu.edu,19,02,03,03,02,03,03,03,02,03,03,03,03,http://bonniesomerville.nz/wp-content/uploads/2015/08/profile-icon.png,0
NorthLasVegas,UkM9Urvp,mdavis01s@springer.com,59,02,04,02,04,02,04,02,04,02,04,04,02,http://bonniesomerville.nz/wp-content/uploads/2015/08/profile-icon.png,0
Gilbert,tJxMN3af,nmcdonald01t@technorati.com,17,02,03,01,04,01,03,01,04,01,03,03,01,http://bonniesomerville.nz/wp-content/uploads/2015/08/profile-icon.png,0
Ontario,65yGXmja,hfernandez01u@cloudflare.com,82,02,01,02,02,02,01,02,02,02,01,01,02,http://bonniesomerville.nz/wp-content/uploads/2015/08/profile-icon.png,0
Worcester,c4ksmkkw,afoster01v@redcross.org,21,02,03,04,03,02,03,04,03,02,03,03,04,http://bonniesomerville.nz/wp-content/uploads/2015/08/profile-icon.png,0
RanchoCucamonga,ujYPXZT2,lkim01w@blogtalkradio.com,38,01,01,03,04,04,01,03,04,04,01,01,03,http://bonniesomerville.nz/wp-content/uploads/2015/08/profile-icon.png,0
SantaClarita,NMzBc7mA,acarpenter01x@ihg.com,27,02,04,01,01,02,04,01,01,02,04,04,01,http://bonniesomerville.nz/wp-content/uploads/2015/08/profile-icon.png,0
Brownsville,L87Tr7qf,bfranklin01y@desdev.cn,86,01,01,01,01,01,01,01,01,01,01,01,01,http://bonniesomerville.nz/wp-content/uploads/2015/08/profile-icon.png,0
FortLauderdale,APMnwXg5,jturner01z@redcross.org,44,01,03,04,02,02,03,04,02,02,03,03,04,http://bonniesomerville.nz/wp-content/uploads/2015/08/profile-icon.png,0
Huntsville,E37gqeHz,pwillis00000200@amazon.co.uk,75,02,02,01,02,03,02,01,02,03,02,02,01,http://bonniesomerville.nz/wp-content/uploads/2015/08/profile-icon.png,0
Oceanside,AvDQMz3M,amoore00000201@bloglines.com,42,01,02,03,02,02,02,03,02,02,02,02,03,http://bonniesomerville.nz/wp-content/uploads/2015/08/profile-icon.png,0
GardenGrove,HRBnPUsG,jpowell000002000002@ca.gov,55,02,04,03,03,03,04,03,03,03,04,04,03,http://bonniesomerville.nz/wp-content/uploads/2015/08/profile-icon.png,0
OverlandPark,be2SzT2G,gmurray00000203@sourceforge.net,85,02,02,01,02,01,02,01,02,01,02,02,01,http://bonniesomerville.nz/wp-content/uploads/2015/08/profile-icon.png,0
Fontana,ErHjb3Gk,sfisher00000204@i000002i.jp,49,01,04,02,03,01,04,02,03,01,04,04,02,http://bonniesomerville.nz/wp-content/uploads/2015/08/profile-icon.png,0
Tempe,YRhqw7LC,gbell0000025@ycombinator.com,74,02,04,03,04,04,04,03,04,04,04,04,03,http://bonniesomerville.nz/wp-content/uploads/2015/08/profile-icon.png,0
Dayton,GAsJgUJ8,talvarez0000026@altervista.org,62,02,04,02,01,04,04,02,01,04,04,04,02,http://bonniesomerville.nz/wp-content/uploads/2015/08/profile-icon.png,0
Tallahassee,WEnAxBxE,dwilliams0000027@bloglines.com,56,01,01,04,04,01,01,04,04,01,01,01,04,http://bonniesomerville.nz/wp-content/uploads/2015/08/profile-icon.png,0
Chattanooga,mrxJugdU,elane0000028@meetup.com,83,01,01,01,01,02,01,01,01,02,01,01,01,http://bonniesomerville.nz/wp-content/uploads/2015/08/profile-icon.png,0
Pomona,rKqzgPM6,sbanks0000029@economist.com,64,02,04,04,01,02,04,04,01,02,04,04,04,http://bonniesomerville.nz/wp-content/uploads/2015/08/profile-icon.png,0
SantaRosa,TcyCZAjA,jwebb000002a@kickstarter.com,89,02,04,04,02,03,04,04,02,03,04,04,04,http://bonniesomerville.nz/wp-content/uploads/2015/08/profile-icon.png,0
Rockford,NKFuwVn4,mhamilton000002b@bravesites.com,58,02,04,03,01,04,04,03,01,04,04,04,03,http://bonniesomerville.nz/wp-content/uploads/2015/08/profile-icon.png,0
Springfield,ftMEusFg,dowens000002c@ted.com,54,02,02,04,03,03,02,04,03,03,02,02,04,http://bonniesomerville.nz/wp-content/uploads/2015/08/profile-icon.png,0
PembrokePines,dRNLPsdr,cmurphy000002d@businesswire.com,40,02,03,02,01,01,03,02,01,01,03,03,02,http://bonniesomerville.nz/wp-content/uploads/2015/08/profile-icon.png,0
Paterson,weU2mXdr,edean000002e@canalblog.com,97,02,04,02,04,03,04,02,04,03,04,04,02,http://bonniesomerville.nz/wp-content/uploads/2015/08/profile-icon.png,0
Corona,wuH2JQXc,sfowler000002f@icq.com,29,02,02,02,02,02,02,02,02,02,02,02,02,http://bonniesomerville.nz/wp-content/uploads/2015/08/profile-icon.png,0
Salinas,R8PaGtWA,rrussell000002g@dyndns.org,62,02,01,01,02,02,01,01,02,02,01,01,01,http://bonniesomerville.nz/wp-content/uploads/2015/08/profile-icon.png,0
Hampton,EUJQFv8z,dwilson000002h@t.co,84,01,04,03,01,04,04,03,01,04,04,04,03,http://bonniesomerville.nz/wp-content/uploads/2015/08/profile-icon.png,0
GrandPrairie,w4zsaMSQ,tdaniels000002i@un.org,56,01,04,02,04,04,04,02,04,04,04,04,02,http://bonniesomerville.nz/wp-content/uploads/2015/08/profile-icon.png,0
Pasadena,u9TZaT5B,cjenkins000002j@usda.gov,36,01,02,01,03,01,02,01,03,01,02,02,01,http://bonniesomerville.nz/wp-content/uploads/2015/08/profile-icon.png,0
Torrance,GLFhGXvy,ahenry000002k@google.com.br,36,02,02,03,04,03,02,03,04,03,02,02,03,http://bonniesomerville.nz/wp-content/uploads/2015/08/profile-icon.png,0
Syracuse,e6grxX4w,sgonzalez000002l@paginegialle.it,92,01,03,02,04,02,03,02,04,02,03,03,02,http://bonniesomerville.nz/wp-content/uploads/2015/08/profile-icon.png,0
Naperville,TyprRkDy,lcoleman000002m@arstechnica.com,99,01,04,02,04,01,04,02,04,01,04,04,02,http://bonniesomerville.nz/wp-content/uploads/2015/08/profile-icon.png,0
Lakewood,4RJyvkPF,jcruz000002n@example.com,42,02,04,02,03,01,04,02,03,01,04,04,02,http://bonniesomerville.nz/wp-content/uploads/2015/08/profile-icon.png,0
Hayward,EeJpK9yq,rgarrett000002o@dailymail.co.uk,20,01,01,02,04,01,01,02,04,01,01,01,02,http://bonniesomerville.nz/wp-content/uploads/2015/08/profile-icon.png,0
CapeCoral,M6Z86uYE,rkelly000002p@vkontakte.ru,59,02,01,03,01,02,01,03,01,02,01,01,03,http://bonniesomerville.nz/wp-content/uploads/2015/08/profile-icon.png,0
SiouxFalls,M7JZxHZH,eperkins000002q@sogou.com,27,01,04,01,01,01,04,01,01,01,04,04,01,http://bonniesomerville.nz/wp-content/uploads/2015/08/profile-icon.png,0
Bridgeport,cXXFnyj6,alawson000002r@blogger.com,18,01,04,03,02,02,04,03,02,02,04,04,03,http://bonniesomerville.nz/wp-content/uploads/2015/08/profile-icon.png,0
Peoria,VLQ9Cx3B,lchavez00@auda.org.au,84,02,04,04,04,03,04,04,04,03,04,04,04,http://bonniesomerville.nz/wp-content/uploads/2015/08/profile-icon.png,0
Alexandria,tne8qVjS,scastillo01@elpais.com,92,02,01,02,02,02,01,02,02,02,01,01,02,http://bonniesomerville.nz/wp-content/uploads/2015/08/profile-icon.png,0
Joliet,bccHUWyj,kcarroll000002@blogger.com,64,01,03,03,03,03,03,03,03,03,03,03,03,http://bonniesomerville.nz/wp-content/uploads/2015/08/profile-icon.png,0
Warren,CnmBracn,bcrawford03@cpanel.net,23,02,04,04,04,03,04,04,04,03,04,04,04,http://bonniesomerville.nz/wp-content/uploads/2015/08/profile-icon.png,0
Orange,JNeYyQA2,ibutler04@cdbaby.com,79,02,03,04,01,01,03,04,01,01,03,03,04,http://bonniesomerville.nz/wp-content/uploads/2015/08/profile-icon.png,0
Palmdale,MCc7Y4TG,grogers5@nifty.com,74,02,02,01,01,03,02,01,01,03,02,02,01,http://bonniesomerville.nz/wp-content/uploads/2015/08/profile-icon.png,0
Escondido,XXYztC8K,dhoward6@bbb.org,77,02,04,03,02,01,04,03,02,01,04,04,03,http://bonniesomerville.nz/wp-content/uploads/2015/08/profile-icon.png,0
Fullerton,mpqCsYJ5,dcunningham7@fema.gov,89,01,01,03,03,02,01,03,03,02,01,01,03,http://bonniesomerville.nz/wp-content/uploads/2015/08/profile-icon.png,0
PortStLucie,TEKenP8F,aelliott8@tripod.com,39,01,03,04,04,03,03,04,04,03,03,03,04,http://bonniesomerville.nz/wp-content/uploads/2015/08/profile-icon.png,0
Fayetteville,E7QKbxEr,gmccoy9@noaa.gov,72,02,01,01,03,03,01,01,03,03,01,01,01,http://bonniesomerville.nz/wp-content/uploads/2015/08/profile-icon.png,0
Mesquite,GMatyPZJ,rphillipsa@bandcamp.com,51,01,04,02,01,01,04,02,01,01,04,04,02,http://bonniesomerville.nz/wp-content/uploads/2015/08/profile-icon.png,0
Sunnyvale,prVFQqdZ,mdunnb@is.gd,80,02,03,04,04,02,03,04,04,02,03,03,04,http://bonniesomerville.nz/wp-content/uploads/2015/08/profile-icon.png,0
CoralSprings,5ZvkGmHu,dwarrenc@newsvine.com,21,02,02,02,03,03,02,02,03,03,02,02,02,http://bonniesomerville.nz/wp-content/uploads/2015/08/profile-icon.png,0
Savannah,VvYQHypQ,hthomasd@wp.com,31,02,04,02,04,02,04,02,04,02,04,04,02,http://bonniesomerville.nz/wp-content/uploads/2015/08/profile-icon.png,0
SterlingHeights,NAP3TKAh,dbennette@cornell.edu,76,02,01,03,01,03,01,03,01,03,01,01,03,http://bonniesomerville.nz/wp-content/uploads/2015/08/profile-icon.png,0
FortCollins,cZzpyYy6,alanef@uiuc.edu,61,02,03,03,02,04,03,03,02,04,03,03,03,http://bonniesomerville.nz/wp-content/uploads/2015/08/profile-icon.png,0
NewHaven,kSC4kD5P,etuckerg@over-blog.com,83,02,01,04,03,03,01,04,03,03,01,01,04,http://bonniesomerville.nz/wp-content/uploads/2015/08/profile-icon.png,0
Hartford,zEsayzBL,jhansenh@businessinsider.com,30,01,04,02,04,04,04,02,04,04,04,04,02,http://bonniesomerville.nz/wp-content/uploads/2015/08/profile-icon.png,0
ThousandOaks,dDQFw7RG,jstewarti@businesswire.com,30,01,04,02,03,03,04,02,03,03,04,04,02,http://bonniesomerville.nz/wp-content/uploads/2015/08/profile-icon.png,0
McAllen,u4ENFEXQ,rcruzj@meetup.com,98,02,03,04,03,03,03,04,03,03,03,03,04,http://bonniesomerville.nz/wp-content/uploads/2015/08/profile-icon.png,0
Concord,G9ZqWjzF,mmitchellk@bbc.co.uk,71,02,04,02,01,04,04,02,01,04,04,04,02,http://bonniesomerville.nz/wp-content/uploads/2015/08/profile-icon.png,0
CedarRapids,aDLCpt2y,rjohnsonl@phoca.cz,91,02,02,01,02,04,02,01,02,04,02,02,01,http://bonniesomerville.nz/wp-content/uploads/2015/08/profile-icon.png,0
ElMonte,uvx8LWPX,storresm@cnet.com,19,02,02,03,04,04,02,03,04,04,02,02,03,http://bonniesomerville.nz/wp-content/uploads/2015/08/profile-icon.png,0
Topeka,5mJdCz9p,jwilsonn@skype.com,32,01,03,03,03,01,03,03,03,01,03,03,03,http://bonniesomerville.nz/wp-content/uploads/2015/08/profile-icon.png,0
Waco,srE8ESfM,ccoleo@t.co,31,02,03,02,02,04,03,02,02,04,03,03,02,http://bonniesomerville.nz/wp-content/uploads/2015/08/profile-icon.png,0
WestValleyCity,BS9WQrA2,jfloresp@smugmug.com,87,01,01,04,03,03,01,04,03,03,01,01,04,http://bonniesomerville.nz/wp-content/uploads/2015/08/profile-icon.png,0
SimiValley,Fj5yXZnk,hcrawfordq@spiegel.de,81,01,04,04,02,04,04,04,02,04,04,04,04,http://bonniesomerville.nz/wp-content/uploads/2015/08/profile-icon.png,0
Flint,zGBs2K84,jspencerr@jalbum.net,75,01,03,04,01,04,03,04,01,04,03,03,04,http://bonniesomerville.nz/wp-content/uploads/2015/08/profile-icon.png,0
Vallejo,yP3HxGkU,jwoods@usda.gov,34,02,02,02,04,04,02,02,04,04,02,02,02,http://bonniesomerville.nz/wp-content/uploads/2015/08/profile-icon.png,0
Bellevue,YEMy26PM,tdunnt@webnode.com,35,01,01,01,04,04,01,01,04,04,01,01,01,http://bonniesomerville.nz/wp-content/uploads/2015/08/profile-icon.png,0
Columbia,SH2BmEBK,rburnsu@imdb.com,88,01,02,02,03,02,02,02,03,02,02,02,02,http://bonniesomerville.nz/wp-content/uploads/2015/08/profile-icon.png,0
Evansville,t3dJ6MTR,tharrisv@auda.org.au,57,02,01,02,01,03,01,02,01,03,01,01,02,http://bonniesomerville.nz/wp-content/uploads/2015/08/profile-icon.png,0
Lansing,ALUTRu2a,thendersonw@umich.edu,46,01,04,01,03,01,04,01,03,01,04,04,01,http://bonniesomerville.nz/wp-content/uploads/2015/08/profile-icon.png,0
Provo,WNdQWGA8,jgomezx@meetup.com,95,02,02,04,03,03,02,04,03,03,02,02,04,http://bonniesomerville.nz/wp-content/uploads/2015/08/profile-icon.png,0
Abilene,F6hkRQsD,asanchezy@pinterest.com,85,01,04,01,04,03,04,01,04,03,04,04,01,http://bonniesomerville.nz/wp-content/uploads/2015/08/profile-icon.png,0
Inglewood,M6q5uN8W,djacobsz@eepurl.com,91,01,02,02,01,01,02,02,01,01,02,02,02,http://bonniesomerville.nz/wp-content/uploads/2015/08/profile-icon.png,0
AnnArbor,kWYS7rPf,cmatthews0100@smugmug.com,55,01,04,03,03,02,04,03,03,02,04,04,03,http://bonniesomerville.nz/wp-content/uploads/2015/08/profile-icon.png,0
Clarksville,FTf4G2fp,tbrown0101@weebly.com,24,01,04,04,03,04,04,04,03,04,04,04,04,http://bonniesomerville.nz/wp-content/uploads/2015/08/profile-icon.png,0
Lafayette,F9WrwwkA,rperkins01000002@woothemes.com,87,02,01,02,02,04,01,02,02,04,01,01,02,http://bonniesomerville.nz/wp-content/uploads/2015/08/profile-icon.png,0
Beaumont,XyAYpwWX,jjordan0103@timesonline.co.uk,96,02,04,01,01,03,04,01,01,03,04,04,01,http://bonniesomerville.nz/wp-content/uploads/2015/08/profile-icon.png,0
Olathe,RjLQd46Z,kramos0104@nydailynews.com,82,01,03,01,04,02,03,01,04,02,03,03,01,http://bonniesomerville.nz/wp-content/uploads/2015/08/profile-icon.png,0
Independence,Y3DaGxY7,afields015@spotify.com,71,01,03,03,02,01,03,03,02,01,03,03,03,http://bonniesomerville.nz/wp-content/uploads/2015/08/profile-icon.png,0
CostaMesa,v3a2qpU2,mperkins016@disqus.com,27,02,02,04,04,04,02,04,04,04,02,02,04,http://bonniesomerville.nz/wp-content/uploads/2015/08/profile-icon.png,0
Downey,N8zFkeXJ,saustin017@surveymonkey.com,44,02,03,04,02,02,03,04,02,02,03,03,04,http://bonniesomerville.nz/wp-content/uploads/2015/08/profile-icon.png,0
Manchester,24UYUXZd,amorgan018@creativecommons.org,44,01,02,01,02,04,02,01,02,04,02,02,01,http://bonniesomerville.nz/wp-content/uploads/2015/08/profile-icon.png,0
Clearwater,bBt2MAdD,kromero019@privacy.gov.au,52,01,03,04,03,04,03,04,03,04,03,03,04,http://bonniesomerville.nz/wp-content/uploads/2015/08/profile-icon.png,0
Visalia,XPZHXF9s,adavis01a@ucla.edu,45,01,01,03,02,01,01,03,02,01,01,01,03,http://bonniesomerville.nz/wp-content/uploads/2015/08/profile-icon.png,0
WestCovina,RNqmgvGw,tmarshall01b@hhs.gov,78,02,02,01,04,02,02,01,04,02,02,02,01,http://bonniesomerville.nz/wp-content/uploads/2015/08/profile-icon.png,0
Gainesville,gKP2GPmp,swilliams01c@jalbum.net,52,01,01,02,03,01,01,02,03,01,01,01,02,http://bonniesomerville.nz/wp-content/uploads/2015/08/profile-icon.png,0
Waterbury,pkPCPYjD,chill01d@webs.com,19,02,01,04,01,04,01,04,01,04,01,01,04,http://bonniesomerville.nz/wp-content/uploads/2015/08/profile-icon.png,0
Allentown,MyBq56k2,jweaver01e@github.io,30,01,01,02,02,03,01,02,02,03,01,01,02,http://bonniesomerville.nz/wp-content/uploads/2015/08/profile-icon.png,0
Miramar,qgM5FXSx,dschmidt01f@cnn.com,69,02,01,02,03,02,01,02,03,02,01,01,02,http://bonniesomerville.nz/wp-content/uploads/2015/08/profile-icon.png,0
Cary,XqTA2fAm,jwright01g@multiply.com,42,01,01,03,04,03,01,03,04,03,01,01,03,http://bonniesomerville.nz/wp-content/uploads/2015/08/profile-icon.png,0
Roseville,jLpSXvTb,priley01h@joomla.org,30,01,02,01,03,02,02,01,03,02,02,02,01,http://bonniesomerville.nz/wp-content/uploads/2015/08/profile-icon.png,0
Norwalk,urXRDubP,jporter01i@newsvine.com,69,02,02,02,01,03,02,02,01,03,02,02,02,http://bonniesomerville.nz/wp-content/uploads/2015/08/profile-icon.png,0
SantaClara,LXxnwcgH,lfields01j@washingtonpost.com,91,01,01,01,02,02,01,01,02,02,01,01,01,http://bonniesomerville.nz/wp-content/uploads/2015/08/profile-icon.png,0
SouthBend,6zCVwKbW,pwest01k@cafepress.com,76,01,01,04,02,04,01,04,02,04,01,01,04,http://bonniesomerville.nz/wp-content/uploads/2015/08/profile-icon.png,0
Thornton,VBAuVRVu,cferguson01l@ca.gov,44,01,02,02,03,01,02,02,03,01,02,02,02,http://bonniesomerville.nz/wp-content/uploads/2015/08/profile-icon.png,0
Westminster,KJAvMunU,rreyes01m@g.co,58,01,01,02,02,02,01,02,02,02,01,01,02,http://bonniesomerville.nz/wp-content/uploads/2015/08/profile-icon.png,0
Fairfield,CTPU86NY,jalvarez01n@businesswire.com,22,01,04,02,02,03,04,02,02,03,04,04,02,http://bonniesomerville.nz/wp-content/uploads/2015/08/profile-icon.png,0
PompanoBeach,sr9gR8gu,aelliott01o@artisteer.com,38,01,04,03,03,02,04,03,03,02,04,04,03,http://bonniesomerville.nz/wp-content/uploads/2015/08/profile-icon.png,0
Denton,Vk257aqj,bromero01p@quantcast.com,98,01,03,03,03,01,03,03,03,01,03,03,03,http://bonniesomerville.nz/wp-content/uploads/2015/08/profile-icon.png,0
Burbank,rtRWePPm,mfranklin01q@sbwire.com,46,02,01,03,03,02,01,03,03,02,01,01,03,http://bonniesomerville.nz/wp-content/uploads/2015/08/profile-icon.png,0
SanBuenaventura,6FAx6Dhu,salvarez01r@stumbleupon.com,19,02,03,03,02,03,03,03,02,03,03,03,03,http://bonniesomerville.nz/wp-content/uploads/2015/08/profile-icon.png,0
Arvada,mG6RVZFc,jhoward01s@weather.com,59,02,04,02,04,02,04,02,04,02,04,04,02,http://bonniesomerville.nz/wp-content/uploads/2015/08/profile-icon.png,0
Pueblo,cKNtU2M2,agray01t@foxnews.com,17,02,01,01,04,01,01,01,04,01,01,01,01,http://bonniesomerville.nz/wp-content/uploads/2015/08/profile-icon.png,0
Athens,NKd62VEF,jholmes01u@weather.com,82,02,03,02,02,02,03,02,02,02,03,03,02,http://bonniesomerville.nz/wp-content/uploads/2015/08/profile-icon.png,0
GreenBay,y5X8LnQk,bfisher01v@blogger.com,21,02,03,04,03,02,03,04,03,02,03,03,04,http://bonniesomerville.nz/wp-content/uploads/2015/08/profile-icon.png,0
Antioch,XKKEae84,abennett01w@oaic.gov.au,38,01,02,03,04,04,02,03,04,04,02,02,03,http://bonniesomerville.nz/wp-content/uploads/2015/08/profile-icon.png,0
DalyCity,3Ljz5QwZ,abanks01x@indiatimes.com,27,01,04,01,01,02,04,01,01,02,04,04,01,http://bonniesomerville.nz/wp-content/uploads/2015/08/profile-icon.png,0
Killeen,mvtXdqsE,rwells01y@bravesites.com,86,01,03,01,01,01,03,01,01,01,03,03,01,http://bonniesomerville.nz/wp-content/uploads/2015/08/profile-icon.png,0
Portsmouth,FNG32Tv5,jrobinson01z@ucla.edu,44,01,04,04,02,02,04,04,02,02,04,04,04,http://bonniesomerville.nz/wp-content/uploads/2015/08/profile-icon.png,0
CALIFORNIA,MPVEN5fv,pthompson00000200@altervista.org,75,01,03,01,02,03,03,01,02,03,03,03,01,http://bonniesomerville.nz/wp-content/uploads/2015/08/profile-icon.png,0
GUAM,xKSDHPJj,dgeorge00000201@over-blog.com,42,01,01,03,02,02,01,03,02,02,01,01,03,http://bonniesomerville.nz/wp-content/uploads/2015/08/profile-icon.png,0
NEVADA,8cKLGmUb,jscott000002000002@biglobe.ne.jp,55,02,03,03,03,03,03,03,03,03,03,03,03,http://bonniesomerville.nz/wp-content/uploads/2015/08/profile-icon.png,0
NEWHAMPSHIRE,4d44Rvc4,ichapman00000203@opera.com,85,02,01,01,02,01,01,01,02,01,01,01,01,http://bonniesomerville.nz/wp-content/uploads/2015/08/profile-icon.png,0
NEWJERSEY,4h2ByX6h,lgeorge00000204@google.fr,49,02,04,02,03,01,04,02,03,01,04,04,02,http://bonniesomerville.nz/wp-content/uploads/2015/08/profile-icon.png,0
NORTHDAKOTA,t5HxaJuV,tfox0000025@icq.com,74,02,01,03,04,04,01,03,04,04,01,01,03,http://bonniesomerville.nz/wp-content/uploads/2015/08/profile-icon.png,0
NORTHernMARIANAIsd,8nmzkVYF,hwheeler0000026@gnu.org,62,02,03,02,01,04,03,02,01,04,03,03,02,http://bonniesomerville.nz/wp-content/uploads/2015/08/profile-icon.png,0
OHIO,aPn77d4G,rellis0000027@miitbeian.gov.cn,56,02,02,04,04,01,02,04,04,01,02,02,04,http://bonniesomerville.nz/wp-content/uploads/2015/08/profile-icon.png,0
OREGON,7sgLDtGs,kcoleman0000028@seattletimes.com,83,02,02,01,01,02,02,01,01,02,02,02,01,http://bonniesomerville.nz/wp-content/uploads/2015/08/profile-icon.png,0
PENNSYLVANIA,8gL2YqvY,mporter0000029@newsvine.com,64,01,04,04,01,02,04,04,01,02,04,04,04,http://bonniesomerville.nz/wp-content/uploads/2015/08/profile-icon.png,0
RHODEISLAND,ELscxWhK,dlee000002a@army.mil,89,02,02,04,02,03,02,04,02,03,02,02,04,http://bonniesomerville.nz/wp-content/uploads/2015/08/profile-icon.png,0
VIRGINISLANDS,GHtcpZbb,swarren000002b@webmd.com,58,02,04,03,01,04,04,03,01,04,04,04,03,http://bonniesomerville.nz/wp-content/uploads/2015/08/profile-icon.png,0
WYOMING,khAYF89V,nwest000002c@google.com.br,54,01,04,04,03,03,04,04,03,03,04,04,04,http://bonniesomerville.nz/wp-content/uploads/2015/08/profile-icon.png,0
Clemson,h4nrmEMy,krichards000002d@harvard.edu,40,02,04,02,01,01,04,02,01,01,04,04,02,http://bonniesomerville.nz/wp-content/uploads/2015/08/profile-icon.png,0
FloridaState,chVfKhmf,kporter000002e@myspace.com,97,02,01,02,04,03,01,02,04,03,01,01,02,http://bonniesomerville.nz/wp-content/uploads/2015/08/profile-icon.png,0
GeorgiaTech,YjUwcLUP,rstewart000002f@g.co,29,01,01,02,02,02,01,02,02,02,01,01,02,http://bonniesomerville.nz/wp-content/uploads/2015/08/profile-icon.png,0
Maryland,djfqMN7n,ssimpson000002g@github.io,62,01,04,01,02,02,04,01,02,02,04,04,01,http://bonniesomerville.nz/wp-content/uploads/2015/08/profile-icon.png,0
NorthCarolina,MX72pzNM,pmartinez000002h@ebay.co.uk,84,02,04,03,01,04,04,03,01,04,04,04,03,http://bonniesomerville.nz/wp-content/uploads/2015/08/profile-icon.png,0
NorthCarolinaSt,uBJ4TH8n,llong000002i@cargocollective.com,56,01,04,02,04,04,04,02,04,04,04,04,02,http://bonniesomerville.nz/wp-content/uploads/2015/08/profile-icon.png,0
VirginiaTech,n672ZLjQ,sday000002j@technorati.com,36,01,02,01,03,01,02,01,03,01,02,02,01,http://bonniesomerville.nz/wp-content/uploads/2015/08/profile-icon.png,0
WakeForest,kHfYaDRg,lwashington000002k@phoca.cz,36,01,03,03,04,03,03,03,04,03,03,03,03,http://bonniesomerville.nz/wp-content/uploads/2015/08/profile-icon.png,0
Baylor,bsR4kUXt,eporter000002l@buzzfeed.com,92,02,04,02,04,02,04,02,04,02,04,04,02,http://bonniesomerville.nz/wp-content/uploads/2015/08/profile-icon.png,0
Colorado,E24S6dnt,mpierce000002m@usda.gov,99,02,02,02,04,01,02,02,04,01,02,02,02,http://bonniesomerville.nz/wp-content/uploads/2015/08/profile-icon.png,0
IowaState,nuvBhdE8,bbowman000002n@sphinn.com,42,02,01,02,03,01,01,02,03,01,01,01,02,http://bonniesomerville.nz/wp-content/uploads/2015/08/profile-icon.png,0
Kansas,6rGaR4yF,pkelley000002o@ezinearticles.com,20,02,04,02,04,01,04,02,04,01,04,04,02,http://bonniesomerville.nz/wp-content/uploads/2015/08/profile-icon.png,0
KansasState,gWGJugXD,psimpson000002p@networkadvertising.org,59,02,04,03,01,02,04,03,01,02,04,04,03,http://bonniesomerville.nz/wp-content/uploads/2015/08/profile-icon.png,0
Missouri,gVwDUJRf,jbaker000002q@sbwire.com,27,01,02,01,01,01,02,01,01,01,02,02,01,http://bonniesomerville.nz/wp-content/uploads/2015/08/profile-icon.png,0
Oklahoma,sRQwZdY2,csimmons000002r@ameblo.jp,18,01,02,03,02,02,02,03,02,02,02,02,03,http://bonniesomerville.nz/wp-content/uploads/2015/08/profile-icon.png,0
OklahomaState,W5m6mrvL,escott00@bravesites.com,84,01,03,04,04,03,03,04,04,03,03,03,04,http://bonniesomerville.nz/wp-content/uploads/2015/08/profile-icon.png,0
TexasAM,YzWFG8g7,sgrant01@moonfruit.com,92,01,04,02,02,02,04,02,02,02,04,04,02,http://bonniesomerville.nz/wp-content/uploads/2015/08/profile-icon.png,0
TexasTech,vJxa8uxn,dlittle000002@statcounter.com,64,01,04,03,03,03,04,03,03,03,04,04,03,http://bonniesomerville.nz/wp-content/uploads/2015/08/profile-icon.png,0
BigEast,AwbXKgNY,kwashington03@501.la,23,01,01,04,04,03,01,04,04,03,01,01,04,http://bonniesomerville.nz/wp-content/uploads/2015/08/profile-icon.png,0
Connecticut,HLgE9aBY,twatson04@bluehost.com,79,01,01,04,01,01,01,04,01,01,01,01,04,http://bonniesomerville.nz/wp-content/uploads/2015/08/profile-icon.png,0
Rutgers,RJ4nxWEN,jwarren5@fastcompany.com,74,02,04,01,01,03,04,01,01,03,04,04,01,http://bonniesomerville.nz/wp-content/uploads/2015/08/profile-icon.png,0
SouthFlorida,UH8kfLkf,jbanks6@typepad.com,77,01,04,03,02,01,04,03,02,01,04,04,03,http://bonniesomerville.nz/wp-content/uploads/2015/08/profile-icon.png,0
Syracuse,Ka4geVj2,shamilton7@list-manage.com,89,02,04,03,03,02,04,03,03,02,04,04,03,http://bonniesomerville.nz/wp-content/uploads/2015/08/profile-icon.png,0
WestVirginia,PGtESuyg,aclark8@angelfire.com,39,02,01,04,04,03,01,04,04,03,01,01,04,http://bonniesomerville.nz/wp-content/uploads/2015/08/profile-icon.png,0
Illinois,SdVjUfLD,mturner9@go.com,72,01,03,01,03,03,03,01,03,03,03,03,01,http://bonniesomerville.nz/wp-content/uploads/2015/08/profile-icon.png,0
Iowa,EdKGqLJ2,jpalmera@vistaprint.com,51,01,04,02,01,01,04,02,01,01,04,04,02,http://bonniesomerville.nz/wp-content/uploads/2015/08/profile-icon.png,0
Minnesota,HHk7jUHD,rpetersonb@tmall.com,80,01,03,04,04,02,03,04,04,02,03,03,04,http://bonniesomerville.nz/wp-content/uploads/2015/08/profile-icon.png,0
Northwestern,7KqtJ6bm,gpiercec@china.com.cn,21,02,02,02,03,03,02,02,03,03,02,02,02,http://bonniesomerville.nz/wp-content/uploads/2015/08/profile-icon.png,0
OhioState,Kua4Rnnu,klarsond@vimeo.com,31,02,04,02,04,02,04,02,04,02,04,04,02,http://bonniesomerville.nz/wp-content/uploads/2015/08/profile-icon.png,0
PennState,uvDSP62t,smitchelle@nba.com,76,01,01,03,01,03,01,03,01,03,01,01,03,http://bonniesomerville.nz/wp-content/uploads/2015/08/profile-icon.png,0
Purdue,Eu9bRJqQ,sstanleyf@ameblo.jp,61,02,03,03,02,04,03,03,02,04,03,03,03,http://bonniesomerville.nz/wp-content/uploads/2015/08/profile-icon.png,0
Wisconsin,5jZpEsya,ahawkinsg@ucoz.ru,83,02,01,04,03,03,01,04,03,03,01,01,04,http://bonniesomerville.nz/wp-content/uploads/2015/08/profile-icon.png,0
ConferenceUSA,8PKVHjts,agrahamh@google.com.hk,30,02,04,02,04,04,04,02,04,04,04,04,02,http://bonniesomerville.nz/wp-content/uploads/2015/08/profile-icon.png,0
EastCarolina,LNz3ffGM,jryani@usgs.gov,30,02,04,02,03,03,04,02,03,03,04,04,02,http://bonniesomerville.nz/wp-content/uploads/2015/08/profile-icon.png,0
Marshall,fHepFpYs,pwashingtonj@salon.com,98,01,03,04,03,03,03,04,03,03,03,03,04,http://bonniesomerville.nz/wp-content/uploads/2015/08/profile-icon.png,0
SouthernMeth,hPRGpzQa,agutierrezk@webeden.co.uk,71,01,04,02,01,04,04,02,01,04,04,04,02,http://bonniesomerville.nz/wp-content/uploads/2015/08/profile-icon.png,0
SouthernMiss,XxSt7ESY,bowensl@yellowpages.com,91,02,02,01,02,04,02,01,02,04,02,02,01,http://bonniesomerville.nz/wp-content/uploads/2015/08/profile-icon.png,0
Tulane,2us3axrE,afloresm@wisc.edu,19,01,02,03,04,04,02,03,04,04,02,02,03,http://bonniesomerville.nz/wp-content/uploads/2015/08/profile-icon.png,0
UAB,KLETHGJU,swatkinsn@go.com,32,02,03,03,03,01,03,03,03,01,03,03,03,http://bonniesomerville.nz/wp-content/uploads/2015/08/profile-icon.png,0
UCF,Vz3bs6wS,jtayloro@yahoo.co.jp,31,01,03,02,02,04,03,02,02,04,03,03,02,http://bonniesomerville.nz/wp-content/uploads/2015/08/profile-icon.png,0
UTEP,AbSAKzww,pellisp@ihg.com,87,02,01,04,03,03,01,04,03,03,01,01,04,http://bonniesomerville.nz/wp-content/uploads/2015/08/profile-icon.png,0
IAIndependents,ExqqrPLZ,scunninghamq@harvard.edu,81,02,04,04,02,04,04,04,02,04,04,04,04,http://bonniesomerville.nz/wp-content/uploads/2015/08/profile-icon.png,0
Army,8HdQVy9r,dmillerr@uol.com.br,75,01,03,04,01,04,03,04,01,04,03,03,04,http://bonniesomerville.nz/wp-content/uploads/2015/08/profile-icon.png,0
NotreDame,VJPG2KVW,bwalkers@privacy.gov.au,34,02,02,02,04,04,02,02,04,04,02,02,02,http://bonniesomerville.nz/wp-content/uploads/2015/08/profile-icon.png,0
Temple,crEtWE4a,ewardt@upenn.edu,35,01,01,01,04,04,01,01,04,04,01,01,01,http://bonniesomerville.nz/wp-content/uploads/2015/08/profile-icon.png,0
MidAmerican,NjcwNxjz,sboydu@bandcamp.com,88,02,02,02,03,02,02,02,03,02,02,02,02,http://bonniesomerville.nz/wp-content/uploads/2015/08/profile-icon.png,0
BallState,pF53CFU7,kduncanv@cnet.com,57,02,01,02,01,03,01,02,01,03,01,01,02,http://bonniesomerville.nz/wp-content/uploads/2015/08/profile-icon.png,0
BowlingGreen,WzwXR4eB,balexanderw@youtu.be,46,01,04,01,03,01,04,01,03,01,04,04,01,http://bonniesomerville.nz/wp-content/uploads/2015/08/profile-icon.png,0
CentralMichigan,8p6znL44,jmeyerx@umn.edu,95,02,02,04,03,03,02,04,03,03,02,02,04,http://bonniesomerville.nz/wp-content/uploads/2015/08/profile-icon.png,0
EasternMichigan,krsQdUvX,fhowardy@paginegialle.it,85,02,04,01,04,03,04,01,04,03,04,04,01,http://bonniesomerville.nz/wp-content/uploads/2015/08/profile-icon.png,0
KentState,vpwMhu8P,kjamesz@tumblr.com,91,02,02,02,01,01,02,02,01,01,02,02,02,http://bonniesomerville.nz/wp-content/uploads/2015/08/profile-icon.png,0
MiamiOH,8LaQag5p,rbailey0100@taobao.com,55,02,04,03,03,02,04,03,03,02,04,04,03,http://bonniesomerville.nz/wp-content/uploads/2015/08/profile-icon.png,0
WesternMichigan,p7MekjVk,mbishop0101@sciencedirect.com,24,02,04,04,03,04,04,04,03,04,04,04,04,http://bonniesomerville.nz/wp-content/uploads/2015/08/profile-icon.png,0
MountainWest,UjHMcF2X,bpowell01000002@bravesites.com,87,02,01,02,02,04,01,02,02,04,01,01,02,http://bonniesomerville.nz/wp-content/uploads/2015/08/profile-icon.png,0
AirForce,z9pwGxwj,awilliamson0103@phoca.cz,96,02,04,01,01,03,04,01,01,03,04,04,01,http://bonniesomerville.nz/wp-content/uploads/2015/08/profile-icon.png,0
BrighamYoung,L3cZaUR5,sjohnson0104@answers.com,82,01,03,01,04,02,03,01,04,02,03,03,01,http://bonniesomerville.nz/wp-content/uploads/2015/08/profile-icon.png,0
ColoradoState,BHtza8Mt,lnguyen015@gravatar.com,71,01,03,03,02,01,03,03,02,01,03,03,03,http://bonniesomerville.nz/wp-content/uploads/2015/08/profile-icon.png,0
SanDiegoState,uJaK3Ffz,rreynolds016@canalblog.com,27,01,02,04,04,04,02,04,04,04,02,02,04,http://bonniesomerville.nz/wp-content/uploads/2015/08/profile-icon.png,0
TCU,5JCFBJb3,pmoore017@phoca.cz,44,02,03,04,02,02,03,04,02,02,03,03,04,http://bonniesomerville.nz/wp-content/uploads/2015/08/profile-icon.png,0
UNLV,VGYCpAsJ,gkelly018@pbs.org,44,02,02,01,02,04,02,01,02,04,02,02,01,http://bonniesomerville.nz/wp-content/uploads/2015/08/profile-icon.png,0
Pacific-10,6M26YFX3,jjones019@sun.com,52,02,03,04,03,04,03,04,03,04,03,03,04,http://bonniesomerville.nz/wp-content/uploads/2015/08/profile-icon.png,0
ArizonaState,zfSGHTU5,jcarr01a@so-net.ne.jp,45,01,01,03,02,01,01,03,02,01,01,01,03,http://bonniesomerville.nz/wp-content/uploads/2015/08/profile-icon.png,0
OregonState,BvzVGdcJ,mkim01b@mapy.cz,78,02,02,01,04,02,02,01,04,02,02,02,01,http://bonniesomerville.nz/wp-content/uploads/2015/08/profile-icon.png,0
Stanford,8QKMVtqB,ralexander01c@pen.io,52,01,01,02,03,01,01,02,03,01,01,01,02,http://bonniesomerville.nz/wp-content/uploads/2015/08/profile-icon.png,0
UCLA,AMFAAHJH,rbutler01d@woothemes.com,19,02,01,04,01,04,01,04,01,04,01,01,04,http://bonniesomerville.nz/wp-content/uploads/2015/08/profile-icon.png,0
USC,Y3nM7Xzc,hjordan01e@chron.com,30,01,01,02,02,03,01,02,02,03,01,01,02,http://bonniesomerville.nz/wp-content/uploads/2015/08/profile-icon.png,0
WashingtonState,HAUT4APJ,rmeyer01f@baidu.com,69,01,01,02,03,02,01,02,03,02,01,01,02,http://bonniesomerville.nz/wp-content/uploads/2015/08/profile-icon.png,0
Auburn,rbugjbT5,ecox01g@cisco.com,42,01,01,03,04,03,01,03,04,03,01,01,03,http://bonniesomerville.nz/wp-content/uploads/2015/08/profile-icon.png,0
Vanderbilt,7USXeN7b,efowler01h@04shared.com,30,02,02,01,03,02,02,01,03,02,02,02,01,http://bonniesomerville.nz/wp-content/uploads/2015/08/profile-icon.png,0
SunBelt,r662aDL8,rlopez01i@forbes.com,69,02,02,02,01,03,02,02,01,03,02,02,02,http://bonniesomerville.nz/wp-content/uploads/2015/08/profile-icon.png,0
ArkansasState,kPZGDBmm,dtaylor01j@scribd.com,91,01,01,01,02,02,01,01,02,02,01,01,01,http://bonniesomerville.nz/wp-content/uploads/2015/08/profile-icon.png,0
FloridaAtlantic,VnCryxSv,ematthews01k@wufoo.com,76,01,01,04,02,04,01,04,02,04,01,01,04,http://bonniesomerville.nz/wp-content/uploads/2015/08/profile-icon.png,0
NorthTexas,a2phfKqT,sjackson01l@reference.com,44,01,02,02,03,01,02,02,03,01,02,02,02,http://bonniesomerville.nz/wp-content/uploads/2015/08/profile-icon.png,0
BoiseState,W3Fn3pMd,fyoung01m@sbwire.com,58,02,01,02,02,02,01,02,02,02,01,01,02,http://bonniesomerville.nz/wp-content/uploads/2015/08/profile-icon.png,0
FresnoState,GkMJUkmR,eramos01n@utexas.edu,22,02,04,02,02,03,04,02,02,03,04,04,02,http://bonniesomerville.nz/wp-content/uploads/2015/08/profile-icon.png,0
NewMexicoState,EgGDLveD,bkelly01o@paypal.com,38,02,04,03,03,02,04,03,03,02,04,04,03,http://bonniesomerville.nz/wp-content/uploads/2015/08/profile-icon.png,0
SanJoseState,D8dVq3A8,mferguson01p@dyndns.org,98,02,03,03,03,01,03,03,03,01,03,03,03,http://bonniesomerville.nz/wp-content/uploads/2015/08/profile-icon.png,0
UtahState,xLZwR6tt,kjohnson01q@microsoft.com,46,02,01,03,03,02,01,03,03,02,01,01,03,http://bonniesomerville.nz/wp-content/uploads/2015/08/profile-icon.png,0
goNBA,WJUpzMbP,sbrown01r@multiply.com,19,02,03,03,02,03,03,03,02,03,03,03,03,http://bonniesomerville.nz/wp-content/uploads/2015/08/profile-icon.png,0
go76ers,JT4nFxR3,lreyes01s@php.net,59,02,04,02,04,02,04,02,04,02,04,04,02,http://bonniesomerville.nz/wp-content/uploads/2015/08/profile-icon.png,0
gobulls,CnwAJCKL,cparker01t@sitemeter.com,17,02,01,01,04,01,01,01,04,01,01,01,01,http://bonniesomerville.nz/wp-content/uploads/2015/08/profile-icon.png,0
gocavaliers,zS8Q9X3P,eallen01u@github.com,82,02,03,02,02,02,03,02,02,02,03,03,02,http://bonniesomerville.nz/wp-content/uploads/2015/08/profile-icon.png,0
gocavs,7Jz3qv5m,jgarcia01v@elegantthemes.com,21,02,03,04,03,02,03,04,03,02,03,03,04,http://bonniesomerville.nz/wp-content/uploads/2015/08/profile-icon.png,0
goceltics,Jc8qWSfx,ledwards01w@booking.com,38,02,02,03,04,04,02,03,04,04,02,02,03,http://bonniesomerville.nz/wp-content/uploads/2015/08/profile-icon.png,0
goclippers,GR8nCK3c,jperkins01x@omniture.com,27,02,04,01,01,02,04,01,01,02,04,04,01,http://bonniesomerville.nz/wp-content/uploads/2015/08/profile-icon.png,0
gogrizzlies,hjd57a4t,jwagner01y@mtv.com,86,02,03,01,01,01,03,01,01,01,03,03,01,http://bonniesomerville.nz/wp-content/uploads/2015/08/profile-icon.png,0
gohornets,3xBDMzjC,llopez01z@nyu.edu,44,02,04,04,02,02,04,04,02,02,04,04,04,http://bonniesomerville.nz/wp-content/uploads/2015/08/profile-icon.png,0
goknicks,3HwLuMT8,jhunter00000200@admin.ch,75,01,03,01,02,03,03,01,02,03,03,03,01,http://bonniesomerville.nz/wp-content/uploads/2015/08/profile-icon.png,0
golakers,szNStFzm,abarnes00000201@vk.com,42,01,01,03,02,02,01,03,02,02,01,01,03,http://bonniesomerville.nz/wp-content/uploads/2015/08/profile-icon.png,0
gomavericks,sY3ZMPA9,jstone000002000002@ustream.tv,55,02,03,03,03,03,03,03,03,03,03,03,03,http://bonniesomerville.nz/wp-content/uploads/2015/08/profile-icon.png,0
goheat,S2w3Xdch,roliver00000203@google.ca,85,02,01,01,02,01,01,01,02,01,01,01,01,http://bonniesomerville.nz/wp-content/uploads/2015/08/profile-icon.png,0
gonets,D9PUhPGx,pgeorge00000204@cbc.ca,49,02,04,02,03,01,04,02,03,01,04,04,02,http://bonniesomerville.nz/wp-content/uploads/2015/08/profile-icon.png,0
gonuggets,VCNP8ZNz,vford0000025@census.gov,74,01,01,03,04,04,01,03,04,04,01,01,03,http://bonniesomerville.nz/wp-content/uploads/2015/08/profile-icon.png,0
gomagic,YhZccGHB,eturner0000026@fastcompany.com,62,01,03,02,01,04,03,02,01,04,03,03,02,http://bonniesomerville.nz/wp-content/uploads/2015/08/profile-icon.png,0
gopacers,McDHH2kg,hcook0000027@canalblog.com,56,02,02,04,04,01,02,04,04,01,02,02,04,http://bonniesomerville.nz/wp-content/uploads/2015/08/profile-icon.png,0
gopistons,dwyHcTLj,pmurphy0000028@trellian.com,83,01,02,01,01,02,02,01,01,02,02,02,01,http://bonniesomerville.nz/wp-content/uploads/2015/08/profile-icon.png,0
gorockets,SQaVQmk4,ehenry0000029@blogspot.com,64,02,04,04,01,02,04,04,01,02,04,04,04,http://bonniesomerville.nz/wp-content/uploads/2015/08/profile-icon.png,0
gosackings,y92e3dsP,jcole000002a@unblog.fr,89,01,02,04,02,03,02,04,02,03,02,02,04,http://bonniesomerville.nz/wp-content/uploads/2015/08/profile-icon.png,0
gospurs,uZsMyVMj,cmills000002b@pcworld.com,58,02,04,03,01,04,04,03,01,04,04,04,03,http://bonniesomerville.nz/wp-content/uploads/2015/08/profile-icon.png,0
gosuns,qvRjaF2C,wellis000002c@vkontakte.ru,54,02,04,04,03,03,04,04,03,03,04,04,04,http://bonniesomerville.nz/wp-content/uploads/2015/08/profile-icon.png,0
gosupersonics,zYUmstTM,jford000002d@chron.com,40,01,04,02,01,01,04,02,01,01,04,04,02,http://bonniesomerville.nz/wp-content/uploads/2015/08/profile-icon.png,0
gotimberwolves,rV7ZZvaF,rchapman000002e@netscape.com,97,01,01,02,04,03,01,02,04,03,01,01,02,http://bonniesomerville.nz/wp-content/uploads/2015/08/profile-icon.png,0
gotrailblazers,keHQuurF,speters000002f@csmonitor.com,29,01,01,02,02,02,01,02,02,02,01,01,02,http://bonniesomerville.nz/wp-content/uploads/2015/08/profile-icon.png,0
goutahjazz,8gaqY2P9,rcoleman000002g@blinklist.com,62,01,04,01,02,02,04,01,02,02,04,04,01,http://bonniesomerville.nz/wp-content/uploads/2015/08/profile-icon.png,0
gowarriors,sG9xbZhZ,rrice000002h@nih.gov,84,01,04,03,01,04,04,03,01,04,04,04,03,http://bonniesomerville.nz/wp-content/uploads/2015/08/profile-icon.png,0
gowizards,mnwPzurq,treynolds000002i@posterous.com,56,01,04,02,04,04,04,02,04,04,04,04,02,http://bonniesomerville.nz/wp-content/uploads/2015/08/profile-icon.png,0
goNHL,ArePKRY3,cwilliams000002j@histats.com,36,02,02,01,03,01,02,01,03,01,02,02,01,http://bonniesomerville.nz/wp-content/uploads/2015/08/profile-icon.png,0
goavalanche,u9DXDhjQ,jhowell000002k@youtube.com,36,01,03,03,04,03,03,03,04,03,03,03,03,http://bonniesomerville.nz/wp-content/uploads/2015/08/profile-icon.png,0
goblackhawks,NG6BP7pt,dgray000002l@drupal.org,92,01,04,02,04,02,04,02,04,02,04,04,02,http://bonniesomerville.nz/wp-content/uploads/2015/08/profile-icon.png,0
gobluejackets,kU24Umhk,bsnyder000002m@indiatimes.com,99,01,02,02,04,01,02,02,04,01,02,02,02,http://bonniesomerville.nz/wp-content/uploads/2015/08/profile-icon.png,0
goblues,WfCzd6sa,aoliver000002n@clickbank.net,42,01,01,02,03,01,01,02,03,01,01,01,02,http://bonniesomerville.nz/wp-content/uploads/2015/08/profile-icon.png,0
gobruins,m8RLezej,blittle000002o@merriam-webster.com,20,02,04,02,04,01,04,02,04,01,04,04,02,http://bonniesomerville.nz/wp-content/uploads/2015/08/profile-icon.png,0
gocanadiens,2Dp2YjfF,hrice000002p@ow.ly,59,02,04,03,01,02,04,03,01,02,04,04,03,http://bonniesomerville.nz/wp-content/uploads/2015/08/profile-icon.png,0
gocanes,6yz2urm2,blawrence000002q@exblog.jp,27,01,02,01,01,01,02,01,01,01,02,02,01,http://bonniesomerville.nz/wp-content/uploads/2015/08/profile-icon.png,0
gocanucks,wxq3bTjV,dburns000002r@furl.net,18,02,02,03,02,02,02,03,02,02,02,02,03,http://bonniesomerville.nz/wp-content/uploads/2015/08/profile-icon.png,0
